player_id,evtoi_per_gp_pred,pptoi_per_gp_pred,high_danger_shots_per60_pred,medium_danger_shots_per60_pred,x_goals_per60_pred,shot_attempts_per60_pred,conversion_high_danger_pred,conversion_medium_pred,conversion_overall_pred
8470600.0,1016.2748,5.040103,9.579224,19.09145,15.668586,903.9697,0.11592293,0.053204037,0.023300175
8470613.0,936.9899,149.57994,24.169365,40.438107,32.84219,1650.4641,0.46884593,0.21272165,0.055684462
8470621.0,672.20404,109.19065,91.57186,242.5379,85.955376,989.56476,0.2484061,0.15956719,0.14081682
8471214.0,842.9415,257.0953,98.50732,221.2241,99.345764,1829.3094,0.35308725,0.1262838,0.1128393
8471215.0,855.9641,186.79861,87.352264,209.5446,85.25747,1327.7207,0.22714123,0.12550995,0.13292211
8471675.0,916.28314,198.53333,164.37299,264.87772,121.401726,1489.8608,0.3307942,0.09672328,0.14834243
8471677.0,822.8039,1.6131566,11.112179,19.09145,17.139359,913.2983,0.11592293,0.053204037,0.041894104
8471685.0,825.9246,176.26903,82.04778,176.77779,65.4873,864.23004,0.3307942,0.18592025,0.18551934
8471709.0,866.2034,1.4413067,9.048601,49.12824,18.975693,930.4904,0.6602488,0.12503606,0.081792936
8471724.0,1119.9802,108.2051,13.297607,38.961826,23.578148,1171.7656,0.11592293,0.09723962,0.06242703
8471817.0,492.6441,3.120271,55.821083,215.87956,54.771183,869.0827,0.16929576,0.12187954,0.14002654
8473419.0,786.6842,189.04866,110.98434,240.5427,96.049576,1373.3397,0.34446818,0.12187954,0.1374581
8473422.0,791.5321,142.85933,137.02562,185.93668,91.63611,969.1669,0.3307942,0.103239246,0.11485618
8473446.0,712.01825,0.75622267,6.081151,25.864925,15.668586,824.1744,0.33142236,0.053204037,0.082749344
8473453.0,588.6839,3.5275247,108.110405,178.90192,75.71322,1268.0981,0.1417953,0.15313022,0.06270681
8473507.0,977.33093,13.362613,7.310353,37.282864,16.925478,826.0645,0.11592293,0.053204037,0.038888834
8473512.0,850.8392,168.36299,79.70422,161.62254,63.217274,1189.5023,0.2206243,0.18140791,0.113611095
8473533.0,754.098,6.020041,81.602005,237.64764,73.050575,1101.4187,0.18147737,0.12187954,0.081792936
8473986.0,862.3881,127.1762,137.02562,204.78412,89.87487,1228.5929,0.18943158,0.10284515,0.12193082
8473994.0,673.84106,136.94171,126.31977,309.86523,104.00235,1285.8276,0.26303172,0.12503606,0.1258645
8474013.0,922.6086,6.0777607,6.081151,20.372093,13.605525,717.5061,0.33142236,0.053204037,0.03568798
8474034.0,709.18854,48.464245,66.86838,123.35943,49.347614,844.4122,0.25709504,0.09346527,0.07997863
8474034.0,709.18854,48.464245,66.86838,123.35943,49.347614,844.4122,0.25709504,0.09346527,0.07997863
8474037.0,653.6805,146.79816,176.83275,283.04065,111.54238,1132.6829,0.22350127,0.08869848,0.078573726
8474090.0,779.6502,2.9372962,24.69513,30.095907,21.986403,839.4601,0.41184312,0.19947112,0.081792936
8474102.0,731.12225,165.36035,64.71286,201.25491,71.55515,1114.4375,0.397664,0.13705172,0.111704975
8474141.0,863.1558,169.70085,45.830387,216.86888,62.199562,1316.094,0.33181176,0.18966411,0.13215305
8474145.0,728.4918,3.8969548,14.643551,27.851748,15.842244,680.44525,0.18943158,0.094433665,0.037398048
8474149.0,728.4918,47.055016,83.55576,132.65358,64.76396,1036.176,0.32748604,0.14988525,0.166003
8474149.0,728.4918,47.055016,83.55576,132.65358,64.76396,1036.176,0.32748604,0.14988525,0.166003
8474150.0,849.1353,104.322044,70.997025,218.01741,71.14638,1404.6427,0.23861155,0.14059925,0.07253707
8474151.0,1016.2748,58.268078,6.081151,28.264072,15.016358,812.4568,0.33142236,0.14951977,0.036566295
8474157.0,729.29663,118.57609,51.846172,166.29822,63.217274,1235.2041,0.22350127,0.0829272,0.052386053
8474166.0,992.0147,38.144005,8.371269,27.029785,16.227364,918.17236,0.13677764,0.053204037,0.05656929
8474189.0,715.9483,84.60974,104.79347,153.63051,81.40023,1306.387,0.23733844,0.17285071,0.09710599
8474563.0,1134.2909,186.54877,22.822527,46.75754,23.795755,846.0693,0.33472115,0.12503606,0.11007298
8474564.0,812.135,209.55612,96.11673,400.95065,111.54238,1672.7904,0.46884593,0.12550995,0.14834243
8474565.0,1032.9036,136.94171,16.765858,49.12824,27.056776,1178.1132,0.26942137,0.097940445,0.031794023
8474567.0,946.69653,4.7077203,6.081151,22.119503,15.5015,899.4233,0.33142236,0.053204037,0.039367985
8474568.0,804.93225,2.0745249,6.081151,24.759386,15.786662,1062.2449,0.33142236,0.053204037,0.018955126
8474574.0,941.6612,17.442928,13.574575,26.507477,18.101978,886.78595,0.11592293,0.16808972,0.055684462
8474578.0,1156.2866,193.22734,17.212774,38.685753,28.258795,1378.6155,0.32695118,0.053204037,0.053399824
8474586.0,844.67737,149.57994,99.568726,230.4354,82.93975,1161.76,0.24712159,0.08722999,0.10116337
8474590.0,1101.7036,193.22734,12.822366,70.48231,30.142282,1178.1132,0.11592293,0.18140791,0.058205023
8474600.0,1119.9802,217.04884,27.544527,92.515015,45.185696,1508.6068,0.48274845,0.08176646,0.08596878
8474612.0,783.81714,2.9372962,6.081151,24.688917,14.321567,910.7051,0.33142236,0.06495809,0.044380322
8474641.0,738.703,106.834885,127.35565,229.33542,89.27289,1153.1652,0.40706396,0.115171954,0.167325
8474673.0,1084.4741,5.040103,6.64244,19.217968,13.605525,677.49585,0.11592293,0.053204037,0.023300175
8474679.0,790.46466,176.26903,119.43153,136.46472,78.5228,1015.0645,0.34812936,0.13019761,0.14703044
8474709.0,560.5412,2.2091017,74.44638,141.08424,49.94785,786.77106,0.2748087,0.054352757,0.087769374
8474715.0,723.04474,121.62428,110.365524,237.64764,89.27289,1378.6155,0.3070894,0.09620017,0.075459674
8474716.0,913.05566,166.33842,12.473222,30.241156,16.979074,733.81714,0.20983383,0.08722999,0.03267254
8474870.0,732.83795,148.72101,96.11673,209.5446,75.91613,997.5514,0.351183,0.10502715,0.14834243
8475149.0,790.46466,106.834885,43.31017,148.624,55.113625,1032.1189,0.17267492,0.11849381,0.09812302
8475151.0,790.46466,158.4925,133.96912,228.09718,104.7984,1390.7953,0.30298686,0.14823991,0.1355479
8475158.0,813.69586,190.27945,123.435356,293.49475,100.744125,1044.7131,0.38811848,0.09672328,0.1420213
8475166.0,834.5791,171.67256,217.98895,349.10574,139.19925,1650.4641,0.2484061,0.08722999,0.10377063
8475167.0,1052.7002,196.58566,36.347504,81.30764,38.671032,1183.3971,0.32695118,0.09500269,0.0780315
8475168.0,822.8039,116.74803,110.62029,236.71274,96.049576,1306.387,0.3307942,0.12550995,0.1420213
8475170.0,800.8967,141.38927,111.1622,210.62207,92.18996,1217.5568,0.19047105,0.13356005,0.116183534
8475171.0,852.07495,109.19065,27.544527,35.39721,28.258795,1106.3105,0.2959691,0.20215887,0.07391793
8475172.0,855.9641,176.26903,117.40899,228.8017,102.7938,1710.5939,0.29536706,0.14823991,0.10444112
8475177.0,862.3881,1.8208714,8.763211,19.09145,14.71901,933.56396,0.6602488,0.12550995,0.054752614
8475179.0,831.19275,4.1861377,24.169365,25.38637,22.90283,882.673,0.11592293,0.053204037,0.018955126
8475181.0,1111.2017,7.911235,6.081151,36.1495,14.201961,677.49585,0.11592293,0.10938831,0.039367985
8475184.0,767.9044,196.58566,178.34993,334.57336,132.30281,1554.4226,0.33142236,0.13840528,0.15406814
8475188.0,977.33093,3.120271,9.840353,25.088058,15.668586,786.77106,0.11592293,0.16898657,0.048657723
8475191.0,792.2279,103.594734,129.29733,213.53851,82.07584,1153.1652,0.18943158,0.10999374,0.08539056
8475193.0,682.6822,40.679478,64.13176,191.45201,59.032436,946.9553,0.22528848,0.12221132,0.1226504
8475197.0,878.1196,153.73909,18.96265,63.695618,23.578148,943.9954,0.12847297,0.10530918,0.025040995
8475200.0,931.1867,27.697681,9.953923,34.829826,23.398165,1166.1222,0.11592293,0.12503606,0.048657723
8475208.0,902.0687,6.806333,6.966489,20.372093,14.462819,786.77106,0.11592293,0.24318141,0.08699889
8475218.0,1032.9036,51.018673,32.01731,92.515015,38.671032,1204.1432,0.17858842,0.14546564,0.0634726
8475220.0,696.8335,29.762295,71.99557,213.86702,64.125015,838.37067,0.34812936,0.1258443,0.16606623
8475225.0,608.3939,4.1861377,77.26226,150.64479,68.95082,1347.822,0.36461335,0.07266531,0.09812302
8475231.0,694.8376,13.362613,70.997025,200.37209,58.857265,872.799,0.268748,0.121411145,0.11996565
8475233.0,971.86664,5.3331966,7.954937,19.217968,15.31862,680.44525,0.6602488,0.054352757,0.10660572
8475235.0,492.6441,4.608874,80.69858,124.37223,55.955036,1024.1797,0.19797438,0.054352757,0.033579446
8475279.0,1009.4464,6.806333,13.128436,34.829826,19.72389,885.4909,0.32695118,0.20215887,0.049033087
8475287.0,786.6842,62.804634,141.42192,248.15291,94.50661,1280.4478,0.20983383,0.114473134,0.10296996
8475314.0,802.9038,94.99195,220.04796,328.28058,132.30281,1292.368,0.18184444,0.11315484,0.10759826
8475324.0,971.86664,3.8760114,13.574575,35.74396,15.567605,795.60626,0.11592293,0.12503606,0.018955126
8475343.0,743.8585,3.8969548,67.11952,138.52524,55.47298,710.79834,0.28794134,0.15651044,0.18551934
8475413.0,616.6423,0.4736644,77.26226,202.22307,69.469505,1082.6901,0.30298686,0.155843,0.12778945
8475455.0,941.6612,7.911235,10.399094,20.372093,14.201961,844.4122,0.11592293,0.24318141,0.10094843
8475462.0,954.1526,4.608874,6.081151,25.38637,16.227364,1002.42615,0.33142236,0.34050825,0.068330035
8475690.0,977.33093,3.4606698,6.081151,19.09145,13.605525,677.49585,0.33142236,0.053204037,0.038597923
8475690.0,977.33093,3.4606698,6.081151,19.09145,13.605525,677.49585,0.33142236,0.053204037,0.038597923
8475692.0,846.4063,227.67247,48.047676,154.29984,59.26298,1271.4795,0.32695118,0.1411476,0.070912935
8475714.0,727.8122,68.14817,125.59029,175.4068,84.74137,1124.4171,0.23657851,0.14243165,0.10907319
8475718.0,820.7144,2.7512724,6.1581573,21.8248,13.605525,677.49585,0.33142236,0.08722999,0.03056138
8475722.0,715.9483,94.141174,101.71884,235.41016,95.170074,1387.9714,0.3048735,0.10054531,0.09380199
8475726.0,781.47815,182.11856,133.96912,278.13205,108.85527,1587.2657,0.32695118,0.13509953,0.1420213
8475745.0,775.1251,102.298065,125.59029,206.37991,89.87487,1036.176,0.2906876,0.17780967,0.166003
8475750.0,734.7005,1.9455305,14.0321245,51.238316,17.139359,680.44525,0.11592293,0.12503606,0.09288274
8475753.0,1062.4264,103.594734,24.69513,70.48231,32.84219,1048.5203,0.21757716,0.053204037,0.021371445
8475754.0,842.9415,164.0382,106.6924,289.94852,96.049576,1427.0354,0.2986275,0.14059925,0.13338014
8475755.0,748.40643,0.4736644,11.854486,41.157475,19.72389,842.9951,0.33142236,0.10656495,0.052386053
8475755.0,748.40643,0.4736644,11.854486,41.157475,19.72389,842.9951,0.33142236,0.10656495,0.052386053
8475760.0,785.9654,92.93075,94.87239,245.30905,89.27289,1271.4795,0.28606674,0.13121171,0.1302328
8475762.0,852.07495,1.9249688,6.238445,22.119503,14.201961,758.57495,0.33142236,0.0884871,0.025040995
8475763.0,748.40643,87.70947,79.70422,144.65892,62.80087,1186.2515,0.32695118,0.12503606,0.08539056
8475764.0,1043.7849,133.2979,14.0321245,27.851748,19.816153,820.4443,0.41184312,0.053204037,0.048033148
8475765.0,764.9586,137.99411,76.39794,179.67241,66.47618,1300.4661,0.34446818,0.14951977,0.14556864
8475766.0,446.57675,3.120271,61.842236,168.2628,53.821453,990.6905,0.23242284,0.09189093,0.11571865
8475768.0,802.4443,137.99411,103.9146,208.4786,83.22836,1028.874,0.28794134,0.10530918,0.11060263
8475780.0,438.56165,0.4736644,71.29243,247.24222,82.07584,1378.6155,0.3307942,0.11247697,0.10116337
8475784.0,775.1251,142.85933,76.87586,283.04065,95.170074,1672.7904,0.32695118,0.11109127,0.11255581
8475786.0,922.6086,183.54933,220.80437,400.95065,176.06203,1530.8591,0.28533363,0.155843,0.17966542
8475790.0,967.8574,2.5812895,6.081151,19.09145,13.62453,866.7818,0.33142236,0.053204037,0.06697311
8475791.0,715.9483,209.55612,43.90698,114.60026,45.7324,886.78595,0.39665955,0.12187954,0.11113763
8475794.0,791.5321,102.298065,110.72956,241.89436,92.80543,1268.0981,0.36461335,0.1262838,0.15797539
8475795.0,623.69574,0.4736644,13.297607,36.651917,21.41725,958.6296,0.33142236,0.12550995,0.05334221
8475798.0,881.1609,165.36035,75.580635,161.62254,63.099575,1032.1189,0.21421269,0.10999374,0.08955137
8475799.0,766.52765,106.19198,123.916336,228.8017,96.049576,1228.5929,0.3307942,0.105529174,0.10593257
8475810.0,874.46954,144.01276,129.70732,291.8256,104.00235,1459.8287,0.256471,0.12550995,0.13931566
8475825.0,893.94745,2.0745249,8.171509,19.09145,13.605525,781.4192,0.1205043,0.058753718,0.039367985
8475825.0,893.94745,2.0745249,8.171509,19.09145,13.605525,781.4192,0.1205043,0.058753718,0.039367985
8475842.0,554.8786,30.994593,103.299515,185.4587,72.722115,1044.7131,0.31211847,0.13294916,0.10818632
8475848.0,728.4918,84.60974,154.54915,269.76718,98.105125,1347.822,0.22185004,0.12187954,0.10377063
8475857.0,775.1251,0.4736644,14.643551,28.525513,18.101978,831.71356,0.19362715,0.09672328,0.031794023
8475906.0,983.1759,192.26636,12.0276375,20.446487,15.259324,701.26416,0.20983383,0.12550995,0.038097203
8475913.0,794.3948,209.55612,130.85515,202.22307,84.74137,1052.0957,0.24472743,0.14988525,0.13292211
8475958.0,627.49854,19.52687,87.352264,159.45502,65.61486,933.56396,0.25487283,0.16539404,0.12992822
8476278.0,740.2349,10.482141,100.47459,188.82594,74.25579,1280.4478,0.34056765,0.10753608,0.09442473
8476292.0,785.9654,80.90534,97.362976,176.23982,65.68192,967.2451,0.13677764,0.1611399,0.10177625
8476312.0,922.6086,2.7512724,10.667419,58.85764,27.056776,1204.1432,0.41184312,0.0926054,0.06606471
8476329.0,565.2772,5.6338487,49.451576,218.01741,60.81775,1041.0869,0.3307942,0.1258443,0.12671389
8476331.0,1091.5044,5.040103,6.546532,31.390587,13.71778,688.63885,0.11592293,0.12503606,0.038888834
8476372.0,862.3881,5.040103,7.954937,22.119503,17.722973,1057.0211,0.11592293,0.053204037,0.016027827
8476374.0,691.6478,3.4606698,61.842236,159.87457,58.270824,1118.7284,0.25203636,0.12550995,0.09893851
8476389.0,916.28314,196.58566,118.43881,267.99158,104.00235,1378.6155,0.29811728,0.095844105,0.11470672
8476391.0,530.6091,131.21054,62.358162,179.40492,60.57895,994.6922,0.3307942,0.12550995,0.10983239
8476391.0,530.6091,131.21054,62.358162,179.40492,60.57895,994.6922,0.3307942,0.12550995,0.10983239
8476392.0,777.25146,27.697681,138.94516,238.57857,92.80543,1057.0211,0.20983383,0.11644064,0.1006702
8476393.0,707.16504,17.442928,64.71286,225.08966,61.921215,1057.0211,0.11592293,0.12550995,0.06537559
8476399.0,839.18164,54.040775,121.57102,222.8847,107.90461,1387.9714,0.3998514,0.1611399,0.15406814
8476419.0,723.04474,87.70947,79.18648,177.33493,60.81775,851.48145,0.2157698,0.09110907,0.10844542
8476422.0,897.2826,98.20675,28.380527,33.6536,26.71195,1194.8196,0.11592293,0.14843476,0.04971494
8476429.0,941.6612,1.4128946,6.081151,20.02209,13.645963,799.0062,0.33142236,0.08722999,0.018321233
8476432.0,866.2034,158.4925,129.29733,239.28026,95.79832,1306.387,0.23861155,0.1749004,0.13863522
8476438.0,786.6842,95.894936,91.89456,231.87675,75.71322,1003.85956,0.24286738,0.17285071,0.17413919
8476441.0,874.46954,1.8208714,9.2850895,26.294327,17.380798,795.60626,0.1417953,0.05590197,0.0289343
8476442.0,553.0042,3.5275247,75.1852,188.08133,63.217274,958.6296,0.3307942,0.095277764,0.10521442
8476448.0,751.08344,146.79816,129.29733,262.64948,100.744125,1347.822,0.3307942,0.14163437,0.167325
8476453.0,977.33093,227.55588,88.80036,242.5379,99.033066,1755.9943,0.46884593,0.1256735,0.14081682
8476454.0,820.7144,186.54877,117.24222,231.87675,86.83529,1298.3308,0.22350127,0.123291865,0.09844554
8476456.0,824.44464,153.73909,83.914925,159.45502,67.53216,1028.874,0.18943158,0.12045052,0.08425412
8476457.0,1119.9802,11.380459,17.212774,38.961826,22.522089,964.05005,0.11592293,0.15824686,0.03406862
8476458.0,759.1411,134.53075,74.44638,139.76184,54.388355,913.2983,0.28931484,0.103239246,0.08425412
8476459.0,800.8967,193.22734,99.673195,211.75673,92.80543,1450.2133,0.31946877,0.121411145,0.11578663
8476460.0,964.5468,182.11856,71.29243,206.37991,75.91613,940.59283,0.4026563,0.17780967,0.15797539
8476461.0,808.2158,136.94171,82.774315,222.12799,73.664795,1285.8276,0.2069413,0.10422984,0.0588525
8476462.0,1032.9036,80.42942,22.031807,37.842754,27.056776,1118.7284,0.48274845,0.071721844,0.07454682
8476463.0,1111.2017,36.44369,13.574575,63.695618,23.578148,940.59283,0.11592293,0.1258443,0.061051454
8476467.0,954.1526,1.9455305,13.128436,48.045166,20.867088,824.1744,0.11592293,0.053204037,0.023300175
8476468.0,813.69586,209.80597,137.19238,213.53851,97.14239,1285.8276,0.33472115,0.11933896,0.18713081
8476469.0,719.95685,13.249261,88.80036,198.83856,73.873,1298.3308,0.2348394,0.1749004,0.12054303
8476473.0,999.1528,6.806333,9.2850895,19.09145,13.645963,738.6039,0.1634622,0.36725104,0.043927304
8476474.0,616.6423,89.96736,101.638504,205.50299,85.955376,1052.0957,0.3043966,0.12503606,0.12427306
8476479.0,824.44464,103.594734,80.296745,204.78412,75.91613,1110.9878,0.3043966,0.12883084,0.10660572
8476480.0,694.8376,77.69434,68.42486,217.24301,66.71963,913.2983,0.33142236,0.11644064,0.11374177
8476483.0,824.44464,131.21054,90.24618,250.08873,83.22836,1364.6855,0.2959691,0.06606322,0.091609195
8476525.0,840.9577,20.769703,6.081151,24.162407,16.872267,1147.6116,0.33142236,0.06606322,0.0588525
8476539.0,817.2062,200.94814,106.07115,255.52264,100.744125,1616.5687,0.44185516,0.13633168,0.15406814
8476624.0,623.69574,2.7512724,65.01399,149.55476,50.58125,766.27,0.22350127,0.09500269,0.06660883
8476822.0,560.5412,1.0359393,53.164886,158.63605,48.643898,775.3467,0.18591802,0.14951977,0.17004573
8476826.0,852.07495,40.25933,119.43153,188.08133,84.74137,1178.1132,0.23242284,0.071721844,0.07121655
8476853.0,1134.2909,148.72101,22.822527,70.48231,30.753435,1095.2028,0.2959691,0.12550995,0.0433362
8476854.0,1074.311,80.90534,25.245207,32.910793,21.986403,806.7039,0.2959691,0.053204037,0.033579446
8476856.0,958.56244,15.588507,17.212774,46.75754,21.986403,823.0858,0.11592293,0.15824686,0.048657723
8476856.0,958.56244,15.588507,17.212774,46.75754,21.986403,823.0858,0.11592293,0.15824686,0.048657723
8476858.0,645.97894,1.4128946,92.27497,114.60026,56.598587,904.83887,0.18147737,0.22940584,0.09993621
8476867.0,668.3788,3.4606698,50.60407,174.72087,56.598587,994.6922,0.24684648,0.15313022,0.10177625
8476869.0,1023.00006,56.929276,15.056663,81.30764,35.224403,1404.6427,0.41184312,0.14951977,0.07121655
8476871.0,647.21436,69.207794,106.07115,163.03027,68.87084,1052.0957,0.20236957,0.083665594,0.07121655
8476872.0,723.04474,77.69434,84.12081,153.63051,65.04698,1247.5133,0.2778818,0.10135663,0.078573726
8476873.0,668.3788,17.442928,121.57102,208.4786,88.53416,1106.3105,0.28133482,0.12221132,0.13412435
8476874.0,890.1301,2.9372962,19.575123,21.449455,15.567605,678.35974,0.268748,0.053204037,0.082749344
8476874.0,890.1301,2.9372962,19.575123,21.449455,15.567605,678.35974,0.268748,0.053204037,0.082749344
8476875.0,1062.4264,203.5069,23.646057,63.695618,29.20629,1117.173,0.48274845,0.103239246,0.060451347
8476875.0,1062.4264,203.5069,23.646057,63.695618,29.20629,1117.173,0.48274845,0.103239246,0.060451347
8476878.0,644.3893,2.401048,84.96132,202.22307,59.525146,990.6905,0.16929576,0.09063573,0.10929995
8476879.0,999.1528,4.317063,9.921057,34.650986,17.98433,781.4192,0.41184312,0.12503606,0.05334221
8476880.0,804.93225,125.7054,99.568726,289.94852,99.033066,1312.9166,0.32695118,0.097940445,0.10593257
8476881.0,884.52905,161.2281,106.6924,191.45201,82.51267,1141.8099,0.3998514,0.0829272,0.13338014
8476882.0,729.29663,129.14848,80.28941,180.46996,76.35966,1235.2041,0.38649112,0.18592025,0.17413919
8476885.0,1023.00006,22.375862,10.399094,55.12958,23.795755,1070.3934,0.41184312,0.0926054,0.028010909
8476887.0,850.8392,200.94814,145.78366,291.8256,121.401726,1918.4385,0.33472115,0.1640456,0.1355479
8476889.0,621.1061,2.9372962,76.87586,209.8352,72.019875,1002.42615,0.21668011,0.103239246,0.09893851
8476891.0,946.69653,8.017104,6.081151,26.294327,14.002421,768.77893,0.33142236,0.053204037,0.037398048
8476892.0,1156.2866,20.769703,8.763211,34.650986,20.085245,930.4904,0.11592293,0.22940584,0.06606471
8476897.0,627.49854,67.54705,88.80036,146.26135,62.45335,848.93365,0.28133482,0.071721844,0.08955137
8476902.0,967.8574,6.346481,23.646057,44.98264,22.292004,935.7515,0.11592293,0.15824686,0.04611515
8476905.0,794.3948,165.36035,57.156254,143.88142,45.297245,757.1515,0.33142236,0.11933896,0.16053556
8476906.0,874.46954,188.15019,25.245207,58.85764,32.84219,1041.0869,0.2959691,0.18966411,0.07253707
8476913.0,492.6441,1.1535937,49.451576,204.78412,66.71963,1214.3315,0.3307942,0.13840528,0.10116337
8476917.0,1004.87256,5.3331966,8.171509,38.243656,18.230728,921.87085,0.12847297,0.053204037,0.021371445
8476918.0,645.97894,14.709927,109.41513,190.3761,85.955376,1150.0411,0.26818028,0.12116136,0.11113763
8476921.0,773.809,6.806333,86.07819,271.4962,79.33661,1316.094,0.33142236,0.09620017,0.09442473
8476923.0,1062.4264,64.7524,10.092963,41.719387,20.085245,847.9049,0.41184312,0.16808972,0.10094843
8476925.0,704.9027,116.74803,103.9146,291.8256,90.64498,1065.0514,0.2996663,0.11206855,0.113121696
8476927.0,732.83795,13.362613,106.07115,221.2241,72.26032,945.2592,0.17750624,0.11206855,0.06476449
8476931.0,1032.9036,24.560314,6.966489,32.001476,16.227364,754.8021,0.11592293,0.21706602,0.10844542
8476934.0,588.6839,3.4606698,97.59853,138.52524,65.86357,999.4207,0.25487283,0.10808037,0.08367524
8476952.0,603.6853,2.5609925,99.568726,169.92818,69.469505,1026.2715,0.28378868,0.11163919,0.10875353
8476958.0,1027.0924,18.063684,9.579224,42.409508,23.398165,1150.0411,0.11592293,0.21272165,0.04242439
8476960.0,704.9027,61.00758,40.46096,178.90192,49.637535,993.248,0.24123576,0.12883084,0.07391793
8476967.0,844.67737,5.040103,10.794298,20.947737,16.674833,924.5991,0.11592293,0.053204037,0.034848157
8476979.0,910.6712,74.564735,10.159251,29.529009,19.42459,949.6391,0.41184312,0.053204037,0.06537559
8476981.0,792.7956,100.99597,87.352264,239.28026,76.35966,1147.6116,0.22714123,0.08722999,0.06537559
8476988.0,890.1301,2.3563025,8.584974,29.529009,15.31862,743.1801,0.33142236,0.10215331,0.038888834
8476994.0,534.9817,56.929276,50.97947,241.89436,65.86357,1147.6116,0.3307942,0.12187954,0.08425412
8477015.0,641.972,19.52687,81.21113,235.41016,70.08589,1199.0337,0.1634622,0.08098692,0.040955786
8477018.0,867.79865,63.734177,20.396105,49.87921,21.199839,946.9553,0.12847297,0.13159215,0.036566295
8477021.0,754.098,106.834885,125.59029,170.62392,77.50218,838.37067,0.2484061,0.08960037,0.12427306
8477021.0,754.098,106.834885,125.59029,170.62392,77.50218,838.37067,0.2484061,0.08960037,0.12427306
8477034.0,926.0912,2.5609925,9.921057,19.09145,13.605525,677.49585,0.16849639,0.12550995,0.020152431
8477070.0,572.7901,1.2240015,69.32988,173.98534,59.525146,943.9954,0.23300408,0.09500269,0.070912935
8477073.0,316.21014,0.75622267,48.661266,176.77779,56.246914,961.43835,0.24472743,0.14843476,0.11917872
8477149.0,565.2772,0.4736644,70.30402,215.05734,70.29542,1106.3105,0.3307942,0.12187954,0.10983239
8477220.0,849.1353,89.96736,7.954937,19.217968,16.434507,848.93365,0.1205043,0.05343608,0.03056138
8477244.0,645.97894,0.98180777,6.081151,19.09145,13.71778,903.9697,0.33142236,0.12550995,0.03568798
8477335.0,1023.00006,20.769703,6.966489,29.051239,15.259324,780.7103,0.11592293,0.14951977,0.0289343
8477346.0,1062.4264,112.52091,8.831811,43.60956,27.056776,1364.6855,0.6602488,0.14163437,0.09613305
8477353.0,614.1601,1.8208714,50.11967,181.94737,55.955036,1211.8943,0.11592293,0.1640456,0.07391793
8477365.0,846.4063,1.2862042,18.96265,31.783318,19.72389,749.74023,0.26818028,0.053204037,0.053399824
8477369.0,881.1609,23.28561,15.786318,25.088058,17.139359,749.74023,0.40543374,0.07266531,0.06537559
8477380.0,613.0289,48.464245,42.82365,174.72087,54.388355,1300.4661,0.13677764,0.12734395,0.07253707
8477384.0,752.72046,0.89672065,16.250956,35.39721,17.139359,721.3949,0.40706396,0.05343608,0.06697311
8477384.0,752.72046,0.89672065,16.250956,35.39721,17.139359,721.3949,0.40706396,0.05343608,0.06697311
8477392.0,704.9027,9.343904,63.384678,138.52524,46.726185,754.8021,0.22350127,0.09904515,0.10234981
8477401.0,420.59787,0.4736644,97.909996,283.04065,95.170074,1489.8608,0.3307942,0.12550995,0.11374177
8477402.0,834.5791,178.11067,112.26362,254.01509,98.105125,1360.9525,0.3307942,0.12503606,0.12861739
8477404.0,927.32166,193.22734,177.6604,349.10574,138.98656,1587.2657,0.23007867,0.11644064,0.12382547
8477406.0,605.96924,1.7128589,75.1852,217.24301,63.416256,800.28827,0.16929576,0.105529174,0.06242703
8477407.0,804.93225,96.73684,103.9146,247.24222,82.51267,1084.1456,0.26818028,0.16539404,0.17972864
8477409.0,829.6281,183.54933,153.8385,203.1228,113.676674,1755.9943,0.2906876,0.12550995,0.1355479
8477416.0,792.2279,135.75693,69.32988,177.33493,67.53216,1587.2657,0.28931484,0.14059925,0.107248716
8477425.0,726.9637,10.508039,141.42192,303.92145,108.85527,1450.2133,0.19843304,0.079843424,0.055684462
8477426.0,780.79065,171.67256,130.85515,162.45245,84.74137,1066.7748,0.26818028,0.1611399,0.15406814
8477426.0,780.79065,171.67256,130.85515,162.45245,84.74137,1066.7748,0.26818028,0.1611399,0.15406814
8477429.0,764.9586,45.72381,99.080765,148.624,67.23356,910.7051,0.22350127,0.14243165,0.116921954
8477435.0,950.0479,1.2862042,6.081151,31.783318,14.201961,854.1941,0.33142236,0.14951977,0.041894104
8477444.0,723.04474,127.1762,44.761684,195.39775,59.821175,1306.387,0.32748604,0.114129595,0.08129328
8477446.0,673.84106,3.120271,74.0957,258.63092,74.76659,1044.7131,0.36461335,0.08762636,0.12522106
8477447.0,1062.4264,188.15019,11.307566,48.045166,24.850245,1166.1222,0.40543374,0.053204037,0.05040197
8477450.0,780.79065,44.465267,60.870655,156.61374,57.087967,1028.874,0.33142236,0.20500301,0.17004573
8477451.0,781.47815,98.20675,121.57102,250.08873,99.995,1480.8126,0.37856418,0.13121171,0.11917872
8477456.0,812.135,144.01276,108.28583,119.995766,67.91951,781.4192,0.2959691,0.19601104,0.17004573
8477462.0,756.5102,0.4736644,10.995791,30.586655,18.489613,826.0645,0.33142236,0.12550995,0.047482863
8477463.0,707.16504,0.4736644,11.854486,32.910793,19.210905,876.83954,0.33142236,0.12550995,0.048465453
8477476.0,790.46466,168.36299,123.916336,291.8256,101.5314,1048.5203,0.25709504,0.15313022,0.14703044
8477478.0,664.1705,2.3563025,90.50799,251.65987,82.93975,1280.4478,0.3280159,0.123291865,0.09812302
8477479.0,837.9763,88.71974,160.9209,250.08873,107.90461,1189.5023,0.2069413,0.15054148,0.12937313
8477488.0,1021.03815,7.911235,13.574575,43.60956,24.188574,1194.8196,0.11592293,0.053204037,0.031794023
8477492.0,1021.03815,256.85635,84.96132,334.57336,100.744125,1796.7052,0.36851063,0.16323644,0.12382547
8477493.0,781.47815,198.78317,131.02193,269.76718,110.00743,1459.8287,0.32695118,0.12116136,0.116921954
8477494.0,834.5791,213.12587,53.51513,206.37991,64.01842,900.91125,0.35308725,0.12734395,0.14703044
8477495.0,1111.2017,179.47919,21.111206,45.787243,30.753435,1204.1432,0.32695118,0.1411476,0.048657723
8477496.0,812.135,164.0382,115.68503,145.44122,80.55196,1204.1432,0.3048735,0.08217758,0.08699889
8477497.0,770.36127,183.54933,130.85515,229.33542,91.23365,1106.3105,0.32695118,0.117392145,0.14834243
8477498.0,1043.7849,61.00758,24.169365,55.12958,30.753435,1271.4795,0.19797438,0.12503606,0.05656929
8477499.0,878.1196,39.123337,11.575554,32.910793,19.566664,838.37067,0.18400177,0.071721844,0.033579446
8477500.0,902.0687,171.67256,73.62861,234.42775,77.50218,1387.9714,0.28533363,0.15882543,0.13074492
8477501.0,890.1301,221.65898,165.34317,274.0251,116.5589,1211.8943,0.32695118,0.1436341,0.17004573
8477503.0,736.2855,70.37393,50.60407,151.51451,54.771183,1138.5511,0.28533363,0.12221132,0.06697311
8477504.0,1156.2866,190.27945,17.212774,58.85764,30.142282,1150.0411,0.53560007,0.13294916,0.052386053
8477505.0,804.93225,103.594734,84.96132,132.65358,51.322666,694.4298,0.22714123,0.06328983,0.10929995
8477505.0,804.93225,103.594734,84.96132,132.65358,51.322666,694.4298,0.22714123,0.06328983,0.10929995
8477506.0,1091.5044,72.15479,14.26883,19.09145,18.230728,886.78595,0.11592293,0.06606322,0.057074446
8477507.0,910.6712,7.360371,6.081151,24.42426,15.842244,1059.7854,0.33142236,0.19947112,0.06745023
8477508.0,662.8409,4.608874,91.327675,133.82605,58.270824,844.4122,0.19362715,0.13259858,0.095101774
8477511.0,743.8585,94.99195,79.51647,205.50299,65.61486,1034.0334,0.25709504,0.22940584,0.2016081
8477527.0,492.6441,3.120271,71.64073,123.35943,45.297245,758.57495,0.11592293,0.094433665,0.03056138
8477541.0,770.36127,4.608874,6.081151,25.088058,16.872267,955.7157,0.33142236,0.29313788,0.06942308
8477573.0,632.12946,3.120271,55.472366,117.6823,47.930023,864.23004,0.34446818,0.12045052,0.14834243
8477810.0,793.48804,2.957639,6.105788,26.507477,14.002421,688.63885,0.33142236,0.071721844,0.05459513
8477839.0,627.49854,12.151144,50.97947,117.6823,43.685955,799.0062,0.12847297,0.13840528,0.08461077
8477845.0,983.1759,6.346481,10.667419,19.09145,13.8483,817.4979,0.11592293,0.053204037,0.014993937
8477851.0,781.47815,0.4736644,7.954937,28.845013,17.722973,792.65674,0.33142236,0.09723962,0.033579446
8477887.0,482.9119,0.4736644,81.59467,208.4786,73.050575,1211.8943,0.29811728,0.121411145,0.09993621
8477903.0,647.21436,5.4485016,97.59853,177.33493,67.39306,1049.3575,0.2157698,0.10502715,0.068330035
8477919.0,647.21436,76.08568,15.422844,126.58602,40.889095,1112.273,0.13518727,0.167147,0.051513966
8477931.0,614.1601,3.120271,67.45011,147.22438,52.29008,1007.4102,0.17971174,0.121411145,0.076333486
8477932.0,927.32166,80.42942,46.2246,32.910793,42.505707,1166.1222,0.18147737,0.053204037,0.043927304
8477933.0,793.48804,213.00928,178.28552,293.49475,139.19925,1508.6068,0.397664,0.19947112,0.20418997
8477934.0,941.6612,190.27945,96.644485,258.63092,95.79832,1312.9166,0.40543374,0.14243165,0.1825368
8477935.0,798.26965,112.52091,124.07705,278.13205,110.00743,1544.731,0.24286738,0.13509953,0.11551037
8477938.0,882.31934,2.2091017,7.310353,49.87921,18.180714,792.65674,0.33142236,0.06495809,0.048033148
8477939.0,867.79865,190.27945,111.1622,245.30905,101.5314,1796.7052,0.27958542,0.13633168,0.12427306
8477940.0,790.46466,127.1762,62.65066,179.40492,71.14638,1796.7052,0.33472115,0.10054531,0.10660572
8477942.0,842.9415,182.11856,92.27497,236.07376,86.83529,1554.4226,0.33181176,0.15397233,0.12671389
8477944.0,629.0468,95.894936,42.82365,181.94737,57.087967,1066.7748,0.28794134,0.08722999,0.078573726
8477946.0,861.2003,179.47919,148.24643,206.37991,108.85527,1636.8986,0.33142236,0.1546908,0.14556864
8477947.0,687.87885,55.515514,37.81512,176.23982,47.930023,798.1213,0.39665955,0.21706602,0.21442336
8477948.0,1101.7036,88.71974,28.380527,51.238316,29.20629,978.3017,0.24684648,0.087002106,0.06942308
8477949.0,855.9641,149.57994,112.26362,221.2241,87.54562,1327.7207,0.21668011,0.16323644,0.11357429
8477950.0,682.6822,148.72101,6.8607426,24.162407,18.426247,955.1427,0.33142236,0.09110907,0.06476449
8477951.0,869.90845,186.54877,89.50627,141.85654,75.1653,1166.1222,0.31077155,0.13840528,0.13674366
8477952.0,639.5264,114.42284,145.78366,183.23885,91.23365,958.6296,0.3577661,0.14243165,0.17966542
8477953.0,738.703,32.384453,48.047676,147.22438,53.03151,982.30194,0.32695118,0.08869848,0.06270681
8477955.0,725.4951,148.72101,94.87239,160.41934,86.83529,1731.8246,0.4026563,0.12550995,0.13215305
8477956.0,897.2826,216.93225,112.26362,293.49475,113.98937,1915.7407,0.3998514,0.1438852,0.12142568
8477960.0,798.26965,178.11067,106.17562,258.63092,93.57058,1796.7052,0.34812936,0.11206855,0.11255581
8477964.0,834.5791,108.2051,82.774315,220.07326,69.176605,916.5049,0.25203636,0.17285071,0.15161444
8477969.0,1119.9802,16.103909,6.081151,30.723753,15.868497,854.1941,0.11592293,0.12503606,0.04015024
8477971.0,734.7005,1.2862042,6.081151,19.09145,13.605525,677.49585,0.11592293,0.36725104,0.028010909
8477979.0,715.1922,2.3563025,30.6212,128.87831,40.889095,953.49097,0.13518727,0.053204037,0.10444112
8477986.0,1052.7002,218.12074,24.69513,58.85764,35.224403,1334.9856,0.2959691,0.15522793,0.04971494
8477987.0,709.8645,87.70947,66.1271,193.66373,65.61486,1147.6116,0.33142236,0.08960037,0.08129328
8477989.0,762.8171,41.791203,65.01399,136.46472,51.322666,817.4979,0.3290913,0.11720931,0.1302328
8477993.0,450.74274,0.4736644,91.56595,276.33856,91.63611,1378.6155,0.3307942,0.12187954,0.11374177
8477998.0,742.54285,31.992666,147.88704,349.10574,116.5589,1636.8986,0.16929576,0.12734395,0.09935358
8478010.0,916.28314,203.5069,154.86775,309.86523,113.97236,1306.387,0.31946877,0.14596291,0.20286876
8478013.0,950.0479,38.144005,11.427744,41.157475,22.292004,1141.8099,0.11592293,0.12503606,0.10875353
8478017.0,715.1922,5.3331966,8.371269,29.989695,16.979074,844.4122,0.33142236,0.09672328,0.03406862
8478020.0,734.7005,53.56481,85.58029,193.00735,66.154816,988.86084,0.30158323,0.094433665,0.11786898
8478021.0,793.48804,0.7934587,6.13199,27.252565,13.71778,697.19275,0.33142236,0.07266531,0.025040995
8478038.0,1074.311,94.99195,25.245207,38.243656,28.258795,1055.2325,0.18400177,0.15824686,0.075832695
8478042.0,762.8171,182.11856,67.66866,193.00735,68.072975,1082.6901,0.25954688,0.09904515,0.10710335
8478043.0,655.1993,22.039957,92.27497,192.53516,62.922123,847.9049,0.30158323,0.11849381,0.16298592
8478046.0,767.9044,11.357121,130.85515,168.2628,81.40023,1077.8959,0.32695118,0.08674118,0.14002654
8478047.0,751.08344,166.33842,123.91028,243.78767,94.50661,1280.4478,0.2922955,0.10588975,0.111887455
8478055.0,1016.2748,32.384453,26.29158,30.241156,27.056776,1334.9856,0.2959691,0.13294916,0.0634726
8478056.0,497.39328,0.7934587,82.37795,237.64764,78.28352,1316.094,0.29914472,0.11355089,0.09844554
8478057.0,712.01825,22.039957,114.431244,267.017,86.83529,946.9553,0.36851063,0.1438852,0.20045853
8478099.0,639.5264,50.630802,43.31017,119.995766,46.255688,1048.1947,0.17042601,0.11109127,0.05067547
8478109.0,610.7338,73.248985,38.80336,151.51451,47.930023,1057.0211,0.1634622,0.12187954,0.107248716
8478115.0,817.2062,83.43683,102.53449,167.35204,72.019875,1057.9741,0.23733844,0.094433665,0.079123504
8478133.0,741.6165,7.911235,43.90698,154.29984,46.255688,859.2152,0.32695118,0.087002106,0.08663087
8478136.0,1004.87256,2.2091017,26.29158,40.438107,21.73355,743.1801,0.19797438,0.16840565,0.082749344
8478136.0,1004.87256,2.2091017,26.29158,40.438107,21.73355,743.1801,0.19797438,0.16840565,0.082749344
8478146.0,407.57892,1.3673142,108.110405,291.8256,97.14239,1450.2133,0.30057967,0.11720931,0.113611095
8478147.0,355.43564,0.4736644,106.86781,303.16617,104.7984,1710.5939,0.3307942,0.12550995,0.113611095
8478173.0,314.5832,0.4736644,145.04066,400.95065,131.65433,1920.4874,0.3307942,0.12550995,0.11571865
8478178.0,1004.87256,41.791203,6.64244,32.910793,16.979074,847.9049,0.11592293,0.20500301,0.061051454
8478211.0,655.1993,12.151144,72.411766,144.65892,53.821453,946.9553,0.19047105,0.167147,0.10234981
8478233.0,809.78503,69.207794,115.76438,247.24222,89.87487,1178.1132,0.30248293,0.11355089,0.113611095
8478366.0,780.79065,135.75693,138.94516,247.24222,108.85527,1672.7904,0.40706396,0.15054148,0.13338014
8478396.0,1084.4741,104.322044,32.01731,35.39721,35.224403,1228.5929,0.41184312,0.16840565,0.07997863
8478397.0,1074.311,136.14821,16.765858,49.87921,25.540148,1048.1947,0.46884593,0.16840565,0.058205023
8478398.0,926.0912,192.26636,59.45433,248.15291,82.93975,1480.8126,0.39665955,0.18966411,0.15026708
8478399.0,992.0147,3.8760114,16.250956,20.02209,15.842244,798.1213,0.11592293,0.05590197,0.023300175
8478400.0,534.9817,3.2494905,68.42486,157.86986,57.87249,1017.31067,0.22185004,0.095844105,0.07391793
8478401.0,773.809,161.2281,71.99557,267.017,73.664795,1038.3873,0.32695118,0.1256735,0.13931566
8478402.0,977.33093,192.26636,111.41697,274.0251,97.455086,1416.1853,0.25203636,0.16633612,0.11996565
8478403.0,824.44464,221.184,141.42192,248.15291,105.906166,1731.8246,0.31946877,0.12734395,0.11113763
8478407.0,1134.2909,165.36035,22.822527,28.525513,24.850245,1156.7317,0.32695118,0.14843476,0.090400174
8478408.0,846.4063,2.2091017,14.858473,19.09145,15.5015,682.90924,0.12504122,0.07836994,0.05417273
8478409.0,639.5264,0.4736644,74.0957,174.72087,61.135323,933.56396,0.26818028,0.15313022,0.12142568
8478413.0,775.1251,43.06286,108.110405,171.2091,74.25579,1049.3575,0.25954688,0.10588975,0.09405996
8478414.0,861.2003,133.2979,141.42192,228.09718,106.218864,1636.8986,0.35308725,0.14728382,0.13215305
8478416.0,931.1867,2.9372962,11.231864,19.09145,13.8483,680.44525,0.11592293,0.053204037,0.040955786
8478420.0,1027.0924,259.15442,78.28444,278.13205,92.18996,1416.1853,0.44185516,0.10135663,0.15161444
8478421.0,515.1875,6.0777607,60.870655,181.00449,65.4873,1092.7428,0.48274845,0.053204037,0.10593257
8478424.0,488.6994,8.017104,71.64073,119.995766,50.58125,1007.4102,0.16849639,0.08217758,0.03568798
8478427.0,844.67737,164.0382,118.919785,243.38509,98.40081,1427.0354,0.34812936,0.1749004,0.16298592
8478430.0,946.69653,10.482141,6.238445,41.719387,18.101978,869.0827,0.33142236,0.061350495,0.06745023
8478432.0,629.0468,3.5275247,76.87586,138.52524,57.432846,854.1941,0.31077155,0.07266531,0.059746604
8478434.0,629.0468,2.5812895,42.82365,128.87831,44.658077,866.7818,0.19843304,0.16323644,0.10907319
8478438.0,698.1472,120.09417,79.70422,200.7588,70.08589,1189.5023,0.31211847,0.15397233,0.15406814
8478438.0,698.1472,120.09417,79.70422,200.7588,70.08589,1189.5023,0.31211847,0.15397233,0.15406814
8478439.0,861.2003,169.70085,98.49719,267.99158,95.170074,1710.5939,0.2748087,0.1546908,0.13292211
8478440.0,855.9641,169.70085,98.49719,235.41016,78.5228,1065.0514,0.3307942,0.13509953,0.15797539
8478443.0,964.5468,2.5812895,6.081151,26.507477,13.71778,743.1801,0.33142236,0.16808972,0.052386053
8478444.0,837.9763,213.12587,148.24643,264.87772,111.54238,1334.9856,0.3463974,0.13019761,0.18567054
8478445.0,964.5468,178.11067,72.9044,156.61374,64.01842,1285.8276,0.24286738,0.15882543,0.09613305
8478449.0,764.9586,146.79816,148.88374,255.52264,111.54238,1292.368,0.29811728,0.15956719,0.16053556
8478450.0,913.05566,6.020041,6.081151,19.09145,13.605525,694.4298,0.33142236,0.12550995,0.018955126
8478452.0,709.18854,1.9455305,23.646057,29.273172,20.085245,781.4192,0.1634622,0.095277764,0.03056138
8478454.0,756.5102,2.5812895,10.019235,23.65842,13.71778,785.68933,0.6602488,0.058753718,0.04015024
8478458.0,795.89685,51.018673,94.34284,199.44757,74.25579,1112.273,0.15653764,0.10135663,0.07997863
8478460.0,1134.2909,157.02745,47.747086,70.48231,44.546528,1334.9856,0.28133482,0.12883084,0.05656929
8478462.0,723.04474,94.99195,146.42096,203.1228,87.54562,1057.9741,0.256471,0.09189093,0.11470672
8478463.0,732.83795,66.4856,77.70336,160.41934,69.176605,1178.1132,0.21421269,0.07342527,0.053126357
8478465.0,850.8392,3.8760114,8.584974,29.051239,15.868497,688.63885,0.33142236,0.29313788,0.059746604
8478466.0,610.7338,105.10759,55.09981,215.87956,70.08589,1554.4226,0.3048735,0.18592025,0.1116647
8478468.0,931.1867,3.120271,21.111206,20.02209,20.867088,993.248,0.35308725,0.053204037,0.059746604
8478469.0,1111.2017,151.83101,22.031807,31.184883,28.258795,1065.0514,0.23657851,0.22940584,0.075459674
8478472.0,820.7144,43.06286,74.723885,208.4786,70.29542,1092.7428,0.22714123,0.14210345,0.08955137
8478474.0,754.098,89.96736,121.57102,251.65987,90.64498,1292.368,0.28794134,0.15882543,0.13127284
8478476.0,679.44073,45.72381,9.684188,42.409508,19.816153,897.7033,0.33142236,0.08722999,0.08367524
8478477.0,482.9119,1.7128589,47.104527,173.17754,55.47298,1021.13654,0.3307942,0.15397233,0.11786898
8478483.0,893.94745,179.47919,114.10119,197.90933,83.83459,1364.6855,0.32695118,0.121411145,0.15797539
8478483.0,893.94745,179.47919,114.10119,197.90933,83.83459,1364.6855,0.32695118,0.121411145,0.15797539
8478493.0,792.7956,217.04884,220.41708,320.18857,139.19925,1530.8591,0.24123576,0.11644064,0.11113763
8478498.0,777.25146,98.20675,145.78366,278.13205,102.7938,1347.822,0.26818028,0.1256735,0.10352387
8478500.0,1021.03815,87.70947,11.65479,39.242645,18.230728,800.28827,0.11592293,0.103239246,0.048657723
8478502.0,702.7645,1.5298793,6.8607426,25.38637,15.810601,772.77563,0.33142236,0.08869848,0.049400188
8478507.0,1009.4464,8.37815,30.6212,25.864925,20.867088,680.44525,0.18591802,0.29313788,0.070912935
8478508.0,741.6165,8.017104,96.11673,228.8017,79.33661,1228.5929,0.2778818,0.11644064,0.10296996
8478519.0,840.9577,80.42942,94.34284,240.5427,74.76659,985.6455,0.26818028,0.167147,0.15161444
8478542.0,767.9044,104.322044,87.352264,169.08366,75.1653,1508.6068,0.25954688,0.09110907,0.06606471
8478550.0,927.32166,200.94814,98.49719,173.17754,94.50661,1829.3094,0.41184312,0.16898657,0.15797539
8478569.0,627.49854,4.7077203,53.51513,243.78767,59.26298,897.7033,0.22714123,0.08869848,0.07473957
8478585.0,517.38525,1.4128946,97.362976,160.41934,61.4857,777.36316,0.16849639,0.17285071,0.09710599
8478831.0,586.108,9.343904,62.085846,124.37223,54.388355,900.91125,0.35308725,0.13840528,0.13338014
8478840.0,936.9899,2.5609925,6.966489,32.001476,16.624819,988.86084,0.11592293,0.053204037,0.03406862
8478840.0,936.9899,2.5609925,6.966489,32.001476,16.624819,988.86084,0.11592293,0.053204037,0.03406862
8478851.0,936.9899,22.039957,7.310353,45.787243,18.648445,773.9048,0.11592293,0.10999374,0.05417273
8478854.0,684.06726,2.7512724,7.310353,20.372093,14.002421,706.3383,0.33142236,0.12550995,0.05754866
8478856.0,741.6165,98.20675,100.47459,167.35204,79.33661,1471.4249,0.23733844,0.12550995,0.09993621
8478859.0,999.1528,3.120271,12.654785,33.6536,17.027822,791.44226,0.11592293,0.12503606,0.03568798
8478864.0,971.86664,248.04141,118.43881,320.18857,116.5589,1731.8246,0.44185516,0.13356005,0.16298592
8478873.0,869.90845,131.21054,72.411766,169.08366,69.76692,1312.9166,0.31211847,0.15770511,0.11485618
8478874.0,594.524,0.4736644,68.66511,197.47037,67.04223,1055.2325,0.3307942,0.12550995,0.11571865
8478882.0,1027.0924,13.891421,26.29158,31.184883,20.867088,823.0858,0.19843304,0.13294916,0.05417273
8478891.0,831.19275,6.346481,64.13176,141.85654,58.679264,1028.874,0.32695118,0.12221132,0.113611095
8478904.0,505.15585,1.9249688,58.352924,243.38509,64.01842,1070.3934,0.20236957,0.06606322,0.06697311
8478911.0,1023.00006,10.508039,28.380527,45.787243,26.71195,1021.13654,0.18591802,0.14988525,0.04015024
8478970.0,861.2003,2.957639,24.69513,25.683874,23.398165,999.4207,0.35308725,0.19947112,0.088776715
8478975.0,802.4443,83.43683,96.56763,226.27393,81.40023,1141.8099,0.2996663,0.12503606,0.14424098
8479026.0,673.84106,1.5298793,12.0276375,33.344254,20.321087,971.14325,0.33142236,0.12550995,0.047482863
8479066.0,556.445,4.608874,37.81512,151.51451,50.949524,989.56476,0.23342331,0.07548042,0.07473957
8479249.0,374.23077,27.251598,102.53449,293.49475,99.033066,1530.8591,0.3307942,0.12550995,0.11571865
8479291.0,517.38525,6.806333,94.87239,119.995766,59.821175,969.1669,0.3280159,0.103239246,0.1128393
8479293.0,691.6478,4.7077203,75.9055,208.4786,67.23356,899.4233,0.26942137,0.087002106,0.09710599
8479314.0,792.7956,224.99443,161.32712,320.18857,132.30281,1672.7904,0.2348394,0.09063573,0.09288274
8479315.0,731.12225,2.0745249,65.01399,131.46152,47.41722,820.4443,0.1205043,0.18140791,0.091609195
8479316.0,756.5102,52.29881,83.90759,183.8348,61.921215,945.2592,0.24712159,0.11206855,0.11113763
8479318.0,936.9899,194.84523,160.99185,545.6939,139.19925,1915.7407,0.32695118,0.1436341,0.18247357
8479323.0,1032.9036,196.58566,30.6212,63.695618,32.84219,988.86084,0.38649112,0.20500301,0.12142568
8479324.0,958.56244,1.5298793,7.310353,30.095907,15.5015,721.3949,0.11592293,0.14951977,0.0433362
8479325.0,1091.5044,183.54933,19.575123,70.48231,28.258795,904.83887,0.21668011,0.1749004,0.090400174
8479328.0,608.3939,6.346481,61.509758,226.27393,64.35997,1049.3575,0.22350127,0.15770511,0.1355479
8479335.0,600.92847,10.508039,72.9044,239.87868,63.217274,882.673,0.22350127,0.08176646,0.054752614
8479336.0,632.12946,7.1919217,102.53449,178.90192,83.83459,1480.8126,0.17750624,0.114473134,0.087769374
8479337.0,852.07495,164.0382,90.24618,254.01509,92.80543,1587.2657,0.31077155,0.12734395,0.1128393
8479339.0,698.1472,161.2281,38.80336,162.45245,55.340942,1110.9878,0.4026563,0.14596291,0.13074492
8479341.0,834.5791,14.709927,6.546532,39.9001,21.199839,987.9491,0.33142236,0.06290936,0.018321233
8479343.0,884.52905,189.04866,86.07819,197.47037,85.25747,1427.0354,0.41184312,0.13159215,0.1420213
8479344.0,557.3017,2.401048,96.11673,207.5176,75.456154,1144.8732,0.2778818,0.12550995,0.10995461
8479345.0,1101.7036,157.02745,26.29158,63.695618,37.302013,1316.094,0.24684648,0.18592025,0.06942308
8479351.0,677.694,3.2494905,78.28444,148.624,58.441593,930.4904,0.2959691,0.0926054,0.10444112
8479353.0,702.7645,4.102187,58.352924,179.40492,60.156693,799.0062,0.3048735,0.12550995,0.10521442
8479356.0,562.7033,22.375862,53.164886,164.83073,51.936157,1114.4375,0.36461335,0.1262838,0.10419111
8479359.0,682.6822,2.0745249,74.0957,181.00449,58.857265,961.43835,0.24123576,0.06290936,0.06270681
8479362.0,644.3893,20.769703,56.808918,194.22766,61.70883,988.86084,0.3307942,0.14546564,0.11892822
8479365.0,756.5102,19.52687,86.70938,239.87868,75.71322,1059.7854,0.33142236,0.08217758,0.14424098
8479368.0,665.8425,45.72381,83.2114,239.87868,75.456154,1041.0869,0.17971174,0.10753608,0.07253707
8479369.0,861.2003,0.58254725,6.1581573,20.947737,14.002421,859.2152,0.33142236,0.08722999,0.037398048
8479370.0,597.7047,1.6131566,52.581833,163.86694,55.47298,1021.13654,0.17750624,0.13509953,0.07705674
8479371.0,866.2034,6.346481,6.081151,29.989695,16.375847,851.48145,0.33142236,0.053204037,0.048657723
8479372.0,709.8645,2.9372962,7.46701,33.982883,17.139359,775.3467,0.33142236,0.08098692,0.026861934
8479372.0,709.8645,2.9372962,7.46701,33.982883,17.139359,775.3467,0.33142236,0.08098692,0.026861934
8479378.0,759.1411,3.2494905,7.719495,21.449455,17.027822,949.6391,0.33142236,0.12550995,0.044869468
8479379.0,476.91052,0.7934587,98.49719,200.7588,68.95082,1084.1456,0.17042601,0.07836994,0.06745023
8479385.0,864.2479,164.0382,79.18648,211.75673,84.74137,1650.4641,0.38364527,0.16539404,0.12142568
8479388.0,810.5622,2.2091017,6.081151,28.525513,14.462819,792.65674,0.33142236,0.05590197,0.034848157
8479390.0,727.8122,103.594734,72.411766,174.72087,66.154816,1059.7854,0.19362715,0.08217758,0.044869468
8479393.0,610.7338,6.0777607,75.580635,237.64764,83.22836,1404.6427,0.17858842,0.08722999,0.0588525
8479395.0,618.1279,136.94171,11.65479,32.364586,18.426247,848.93365,0.33142236,0.12550995,0.054752614
8479398.0,964.5468,45.72381,15.786318,33.982883,19.816153,918.17236,0.11592293,0.14843476,0.044380322
8479400.0,783.81714,123.83902,111.41697,242.5379,83.83459,1117.173,0.23657851,0.094433665,0.10907319
8479402.0,884.52905,3.0096066,15.422844,25.38637,18.281036,896.3723,0.32695118,0.36725104,0.05417273
8479407.0,829.6281,189.04866,115.68503,328.28058,108.85527,1508.6068,0.27958542,0.11163919,0.10844542
8479410.0,1032.9036,91.1099,18.96265,19.09145,18.975693,904.83887,0.13518727,0.12550995,0.043927304
8479414.0,530.6091,33.66062,134.13588,198.83856,86.38714,999.4207,0.23733844,0.05343608,0.091609195
8479419.0,488.6994,3.2494905,97.362976,239.28026,85.25747,1271.4795,0.30298686,0.12550995,0.11374177
8479420.0,812.135,153.73909,83.90759,240.5427,99.995,1796.7052,0.38811848,0.12883084,0.116183534
8479421.0,592.874,1.1535937,9.2850895,25.088058,16.375847,839.4601,0.33142236,0.12550995,0.06697311
8479423.0,824.44464,118.57609,110.365524,199.06563,79.33661,1090.8036,0.32748604,0.12550995,0.14081682
8479423.0,824.44464,118.57609,110.365524,199.06563,79.33661,1090.8036,0.32748604,0.12550995,0.14081682
8479425.0,1101.7036,96.73684,11.112179,27.252565,21.986403,1114.4375,0.32695118,0.21706602,0.036566295
8479442.0,927.32166,3.5275247,18.011824,38.243656,21.73355,910.7051,0.11592293,0.14823991,0.026861934
8479465.0,416.47552,0.4736644,94.87239,271.4962,93.57058,1471.4249,0.3307942,0.12550995,0.111704975
8479520.0,540.55756,2.957639,68.92166,243.38509,70.29542,1204.1432,0.17042601,0.08176646,0.055684462
8479523.0,592.874,0.4736644,14.26883,39.242645,23.398165,1017.31067,0.33142236,0.12550995,0.05210347
8479525.0,709.18854,80.90534,123.435356,303.92145,104.7984,1390.7953,0.30248293,0.11206855,0.11374177
8479533.0,438.56165,3.5275247,89.50627,255.52264,88.53416,1404.6427,0.3307942,0.12550995,0.107748255
8479542.0,897.2826,66.4856,153.8385,222.12799,110.00743,1240.0813,0.23733844,0.14823991,0.13863522
8479543.0,468.9928,1.7128589,27.544527,119.995766,40.889095,1021.13654,0.397664,0.054352757,0.07705674
8479550.0,553.0042,13.249261,59.45433,92.64328,47.930023,910.7051,0.33033535,0.117392145,0.10234981
8479576.0,808.2158,2.9372962,6.081151,19.09145,13.605525,677.49585,0.33142236,0.053204037,0.028010909
8479591.0,681.3316,23.88864,67.11952,181.00449,69.176605,1412.3671,0.25487283,0.11849381,0.07473957
8479619.0,641.972,20.5683,94.34284,198.4026,68.072975,1300.4661,0.18647312,0.1749004,0.1818303
8479638.0,633.6968,38.144005,84.41824,254.01509,76.35966,1021.13654,0.40706396,0.12550995,0.1355479
8479639.0,971.86664,11.357121,9.953923,27.497023,15.567605,694.4298,0.33142236,0.12550995,0.05093501
8479661.0,670.77124,48.98351,66.529396,228.8017,66.60349,900.91125,0.19047105,0.12503606,0.116183534
8479671.0,644.3893,2.401048,67.66866,215.05734,56.892124,846.0693,0.27576065,0.09620017,0.09442473
8479675.0,825.9246,102.298065,137.50659,251.65987,105.906166,1587.2657,0.22714123,0.15651044,0.12522106
8479705.0,548.51514,4.1861377,83.2114,215.87956,75.1653,1141.8099,0.30208805,0.12187954,0.107748255
8479718.0,616.6423,50.630802,62.65066,247.24222,75.456154,997.0575,0.34056765,0.14728382,0.12427306
8479718.0,616.6423,50.630802,62.65066,247.24222,75.456154,997.0575,0.34056765,0.14728382,0.12427306
8479772.0,394.65497,4.102187,74.723885,231.87675,68.95082,1209.6323,0.23657851,0.08762636,0.11571865
8479941.0,729.29663,29.762295,110.72956,220.07326,75.91613,967.2451,0.19843304,0.13509953,0.11485618
8479944.0,316.21014,0.4736644,148.36197,349.10574,121.8024,1832.0072,0.30248293,0.12550995,0.11374177
8479944.0,316.21014,0.4736644,148.36197,349.10574,121.8024,1832.0072,0.30248293,0.12550995,0.11374177
8479968.0,545.90875,20.769703,70.30402,128.87831,53.821453,1048.5203,0.15653764,0.12045052,0.10818632
8479976.0,992.0147,63.734177,6.081151,55.12958,16.925478,721.3949,0.33142236,0.0926054,0.03267254
8479976.0,992.0147,63.734177,6.081151,55.12958,16.925478,721.3949,0.33142236,0.0926054,0.03267254
8479977.0,586.108,127.1762,75.9055,183.23885,62.922123,809.78644,0.28931484,0.11933896,0.12778945
8479980.0,983.1759,3.120271,10.399094,33.6536,18.230728,987.9491,0.11592293,0.053204037,0.023300175
8479981.0,450.74274,2.5812895,75.9055,222.8847,66.60349,1082.6901,0.18400177,0.14059925,0.087769374
8479982.0,831.19275,95.894936,12.33073,24.688917,18.581032,780.7103,0.19362715,0.095277764,0.048033148
8479983.0,1101.7036,21.283447,24.169365,29.273172,19.42459,910.7051,0.11592293,0.053204037,0.028010909
8479985.0,802.9038,3.2494905,11.231864,31.23399,17.722973,771.71844,0.33142236,0.12550995,0.053399824
8479987.0,793.48804,106.19198,72.411766,168.2628,58.441593,924.5991,0.256471,0.15651044,0.12861739
8479992.0,775.1251,8.017104,97.909996,198.83856,77.022705,945.2592,0.17267492,0.12503606,0.12671389
8479994.0,627.49854,1.2862042,63.7798,169.92818,58.270824,943.9954,0.29914472,0.0829272,0.0703415
8479996.0,645.97894,135.75693,101.62838,216.86888,74.86224,1117.173,0.22350127,0.12116136,0.08129328
8479998.0,1052.7002,2.2091017,6.966489,51.238316,18.281036,800.28827,0.11592293,0.1411476,0.026861934
8479999.0,859.9609,133.2979,55.821083,141.85654,57.58754,903.9697,0.28133482,0.09346527,0.13931566
8480001.0,902.0687,2.5812895,6.081151,19.09145,13.605525,758.57495,0.33142236,0.12550995,0.020152431
8480002.0,813.69586,194.84523,165.04562,309.86523,110.32013,1292.368,0.24712159,0.117392145,0.14424098
8480003.0,651.3729,5.4485016,21.111206,205.50299,46.255688,806.7039,0.23861155,0.1749004,0.11578663
8480007.0,619.6215,0.89672065,99.080765,146.26135,71.14638,1015.0645,0.25954688,0.10999374,0.08425412
8480009.0,770.36127,136.94171,71.64073,168.2628,65.86357,1285.8276,0.21620217,0.1640456,0.10419111
8480011.0,616.6423,26.251963,33.95939,157.86986,44.658077,844.4122,0.3280159,0.15020365,0.167325
8480012.0,809.78503,213.12587,102.53449,197.90933,93.57058,1347.822,0.33142236,0.1546908,0.16053556
8480014.0,794.3948,192.26636,103.9146,303.92145,100.744125,1048.5203,0.33142236,0.16323644,0.17413919
8480015.0,786.6842,151.83101,86.70938,242.5379,95.170074,1953.765,0.31946877,0.12550995,0.09710599
8480018.0,931.1867,203.5069,77.70336,175.4068,67.91951,1017.31067,0.31946877,0.14546564,0.17413919
8480023.0,884.52905,182.11856,85.58029,183.23885,74.76659,1080.9163,0.39665955,0.08960037,0.15026708
8480027.0,878.1196,158.4925,91.33359,195.39775,81.767494,1554.4226,0.32695118,0.1438852,0.12344368
8480028.0,752.72046,149.57994,81.21113,199.44757,66.71963,1161.76,0.2484061,0.11849381,0.09613305
8480032.0,575.8235,1.4413067,61.11723,199.06563,63.638287,1066.7748,0.3307942,0.11689175,0.10094843
8480035.0,1021.03815,15.588507,10.019235,23.003788,15.089215,784.6933,0.11592293,0.053204037,0.038597923
8480036.0,1156.2866,189.04866,22.031807,45.787243,30.753435,1183.3971,0.2959691,0.13294916,0.057074446
8480039.0,855.9641,120.09417,91.56595,207.5176,85.955376,1616.5687,0.36851063,0.10422984,0.10377063
8480043.0,967.8574,96.73684,15.786318,26.507477,17.601822,806.7039,0.11592293,0.053204037,0.050823282
8480049.0,802.4443,1.6131566,11.427744,19.09145,13.8483,876.83954,0.11592293,0.053204037,0.018321233
8480058.0,842.9415,4.7077203,6.081151,19.09145,13.605525,781.4192,0.33142236,0.07519319,0.05040197
8480058.0,842.9415,4.7077203,6.081151,19.09145,13.605525,781.4192,0.33142236,0.07519319,0.05040197
8480064.0,780.79065,179.47919,73.62861,220.07326,73.050575,1161.76,0.38811848,0.1546908,0.13412435
8480068.0,742.54285,25.942514,50.60407,210.62207,59.26298,961.43835,0.3048735,0.13121171,0.09893851
8480069.0,1021.03815,229.74037,46.2246,81.30764,49.8363,1530.8591,0.28133482,0.0926054,0.0911715
8480070.0,850.8392,2.401048,15.61026,30.972767,16.872267,717.5061,0.21421269,0.10284515,0.040955786
8480073.0,840.9577,33.66062,27.544527,24.759386,20.867088,804.62115,0.21620217,0.20215887,0.041894104
8480074.0,754.098,22.039957,48.994343,169.92818,53.41283,1124.4171,0.35308725,0.15117882,0.1095559
8480075.0,608.3939,0.4736644,14.0321245,38.961826,22.522089,1010.95734,0.33142236,0.12550995,0.054752614
8480078.0,831.19275,92.93075,36.347504,132.65358,44.658077,854.1941,0.3307942,0.10938831,0.07705674
8480084.0,773.809,1.7128589,6.546532,30.095907,15.121419,804.62115,0.33142236,0.27030498,0.06606471
8480113.0,719.95685,99.32892,65.53189,192.05835,65.86357,1082.6901,0.23242284,0.11787446,0.091609195
8480144.0,649.5818,5.2888536,52.581833,124.37223,47.930023,818.43823,0.38649112,0.13294916,0.10116337
8480145.0,992.0147,105.10759,11.854486,28.845013,21.057835,997.0575,0.11592293,0.053204037,0.037398048
8480172.0,964.5468,7.1919217,7.46701,24.42426,15.567605,890.6293,0.6602488,0.053204037,0.073124066
8480185.0,727.8122,41.791203,117.24222,199.44757,83.22836,1092.7428,0.2069413,0.12045052,0.1006702
8480188.0,881.1609,141.38927,95.570946,222.8847,82.51267,1427.0354,0.22350127,0.15956719,0.116183534
8480192.0,837.9763,2.0745249,22.822527,38.243656,19.566664,864.23004,0.26942137,0.053204037,0.1226504
8480196.0,798.26965,0.9478114,6.238445,19.09145,13.605525,677.49585,0.33142236,0.12550995,0.061948262
8480205.0,595.66644,72.15479,63.7798,196.79803,65.68192,1199.0337,0.27576065,0.1436341,0.09812302
8480208.0,864.2479,178.11067,97.362976,206.6781,81.767494,1298.3308,0.31077155,0.18966411,0.14002654
8480220.0,675.18256,40.25933,81.21113,150.64479,59.032436,1076.2872,0.22185004,0.10808037,0.080862336
8480245.0,575.8235,24.560314,95.570946,278.13205,82.51267,1138.5511,0.20983383,0.104610726,0.07997863
8480246.0,954.1526,1.8614972,10.258472,19.09145,13.8483,681.30756,0.41184312,0.36725104,0.038097203
8480259.0,488.6994,0.4736644,83.90759,239.28026,81.767494,1298.3308,0.3307942,0.12550995,0.11374177
8480281.0,679.44073,8.770066,121.57102,211.75673,80.55196,955.7157,0.2157698,0.10753608,0.12054303
8480281.0,679.44073,8.770066,121.57102,211.75673,80.55196,955.7157,0.2157698,0.10753608,0.12054303
8480289.0,545.90875,2.401048,61.509758,184.8483,62.45335,1019.72125,0.38811848,0.13633168,0.11551037
8480306.0,521.44885,0.4736644,15.786318,43.60956,25.540148,1110.9878,0.33142236,0.12550995,0.054752614
8480336.0,954.1526,30.994593,19.575123,55.12958,29.20629,1122.4087,0.11592293,0.088274635,0.06745023
8480355.0,468.9928,4.102187,63.384678,233.52348,61.70883,967.2451,0.11592293,0.12550995,0.08596878
8480434.0,1016.2748,188.15019,18.011824,51.238316,30.142282,1062.2449,0.61683637,0.1258443,0.06476449
8480448.0,568.3699,6.346481,58.812828,169.92818,59.821175,1150.0411,0.32695118,0.1411476,0.09331046
8480459.0,729.29663,99.32892,111.41697,254.01509,82.07584,1002.42615,0.22528848,0.095277764,0.13074492
8480727.0,936.9899,4.1861377,8.171509,31.184883,14.321567,761.0606,0.12504122,0.053204037,0.04242439
8480748.0,684.06726,20.001139,61.842236,167.35204,59.26298,1292.368,0.11592293,0.11689175,0.091609195
8480762.0,649.5818,1.0359393,127.35565,215.05734,80.0858,1183.3971,0.16929576,0.0829272,0.06242703
8480789.0,618.1279,51.46442,42.82365,148.624,49.347614,1070.3934,0.23300408,0.08591903,0.07454682
8480796.0,1023.00006,2.401048,14.26883,27.851748,15.016358,681.30756,0.11592293,0.16808972,0.051513966
8480796.0,1023.00006,2.401048,14.26883,27.851748,15.016358,681.30756,0.11592293,0.16808972,0.051513966
8480797.0,802.4443,131.21054,72.411766,205.50299,71.55515,1156.7317,0.23861155,0.20500301,0.11917872
8480798.0,881.1609,166.33842,62.936676,170.62392,63.099575,1036.176,0.3998514,0.14059925,0.1374581
8480800.0,1119.9802,228.48799,27.544527,29.529009,30.142282,1360.9525,0.41184312,0.11644064,0.08539056
8480801.0,884.52905,196.5625,212.78423,309.86523,121.8024,1755.9943,0.2206243,0.13356005,0.10296996
8480802.0,727.8122,31.992666,66.86838,195.39775,63.099575,955.7157,0.19797438,0.123291865,0.111887455
8480803.0,1074.311,193.22734,23.646057,55.12958,35.224403,1327.7207,0.48274845,0.11355089,0.082749344
8480806.0,696.8335,26.251963,68.42486,222.12799,63.638287,764.8272,0.27958542,0.095844105,0.1258645
8480807.0,1016.2748,2.2091017,6.081151,23.003788,13.62453,701.26416,0.33142236,0.27030498,0.03267254
8480813.0,709.8645,51.46442,58.352924,136.46472,57.432846,842.9951,0.21620217,0.155843,0.13674366
8480817.0,1084.4741,22.375862,33.95939,34.650986,25.540148,817.4979,0.17042601,0.11644064,0.08367524
8480823.0,780.79065,3.2494905,6.1581573,19.09145,13.605525,697.19275,0.33142236,0.12550995,0.053126357
8480829.0,691.6478,66.4856,68.66511,228.09718,70.65592,1247.5133,0.2959691,0.097940445,0.09380199
8480830.0,822.8039,142.85933,127.836624,215.87956,94.50661,1435.9602,0.30298686,0.10422984,0.12937313
8480834.0,986.84595,11.380459,6.238445,22.119503,13.645963,725.28107,0.33142236,0.09189093,0.04242439
8480835.0,649.5818,55.515514,51.846172,258.63092,65.04698,1189.5023,0.38649112,0.09904515,0.076333486
8480839.0,1156.2866,168.36299,33.95939,58.85764,38.671032,1222.3761,0.32695118,0.07548042,0.08539056
8480844.0,618.1279,38.144005,56.379395,213.53851,61.35089,955.7157,0.3307942,0.10620578,0.10540901
8480845.0,497.39328,18.063684,48.994343,188.08133,59.032436,1124.4171,0.2778818,0.088274635,0.058205023
8480848.0,647.21436,3.120271,57.609238,208.4786,61.135323,1062.2449,0.16929576,0.061350495,0.058205023
8480849.0,754.098,141.38927,91.89456,201.25491,70.65592,1019.72125,0.18943158,0.08674118,0.06476449
8480851.0,521.44885,0.62641305,82.37795,236.71274,78.28352,1247.5133,0.39232194,0.14596291,0.15026708
8480853.0,588.6839,4.317063,51.846172,203.1228,60.57895,1049.3575,0.3307942,0.10381634,0.09935358
8480855.0,645.97894,3.4606698,92.27497,190.3761,70.29542,865.60406,0.29646137,0.114473134,0.13863522
8480860.0,902.0687,3.4606698,6.081151,19.09145,13.605525,717.5061,0.11592293,0.053204037,0.020152431
8480865.0,1134.2909,171.67256,10.667419,21.8248,19.42459,1217.5568,0.32695118,0.16808972,0.0588525
8480871.0,922.6086,123.83902,14.858473,48.045166,21.73355,859.2152,0.15653764,0.054352757,0.033579446
8480873.0,1111.2017,83.43683,12.473222,30.586655,17.217667,738.6039,0.11592293,0.053204037,0.040955786
8480874.0,783.81714,0.4736644,10.092963,27.851748,16.434507,773.9048,0.33142236,0.12550995,0.07253707
8480878.0,777.25146,52.29881,6.081151,19.09145,15.668586,1034.0334,0.33142236,0.06606322,0.03267254
8480879.0,837.9763,4.102187,7.954937,19.09145,13.605525,721.3949,0.11592293,0.053204037,0.078573726
8480880.0,582.7853,3.8760114,68.255165,180.46996,54.05264,872.799,0.19797438,0.08098692,0.05656929
8480883.0,864.2479,262.98795,13.128436,32.001476,18.648445,725.28107,0.21757716,0.0884871,0.047482863
8480887.0,910.6712,4.7077203,6.081151,24.759386,13.62453,678.35974,0.33142236,0.05343608,0.068330035
8480890.0,511.83478,0.4736644,74.0957,226.4905,73.213135,1186.2515,0.3307942,0.12187954,0.1116647
8480891.0,902.0687,2.9372962,6.081151,30.723753,17.027822,971.14325,0.33142236,0.167147,0.06660883
8480893.0,790.46466,141.38927,60.870655,230.4354,77.50218,1390.7953,0.397664,0.12221132,0.116921954
8480950.0,829.6281,1.9455305,11.611465,29.989695,15.31862,677.49585,0.11592293,0.053204037,0.014993937
8480980.0,566.6745,5.6338487,56.995144,196.79803,61.921215,1062.2449,0.18647312,0.24318141,0.14002654
8480990.0,820.7144,105.10759,11.575554,43.60956,18.101978,738.6039,0.18400177,0.061350495,0.08461077
8480995.0,625.10114,8.017104,47.104527,233.52348,58.679264,890.6293,0.1417953,0.15313022,0.1258645
8481006.0,715.1922,1.3673142,7.954937,28.525513,14.71901,777.36316,0.33142236,0.34050825,0.057074446
8481013.0,608.3939,43.06286,58.352924,178.90192,59.525146,982.30194,0.397664,0.14210345,0.12193082
8481014.0,1084.4741,3.8969548,6.546532,20.947737,14.201961,876.83954,0.11592293,0.20215887,0.061051454
8481019.0,517.38525,2.0745249,45.830387,184.8483,51.936157,933.56396,0.22350127,0.11247697,0.11255581
8481024.0,534.9817,63.734177,76.39794,199.06563,71.55515,1080.9163,0.30208805,0.12187954,0.107748255
8481028.0,727.8122,23.28561,84.41824,271.4962,78.5228,1214.3315,0.29646137,0.08722999,0.07121655
8481030.0,698.1472,1.9249688,9.953923,27.497023,17.217667,847.9049,0.33142236,0.12550995,0.04015024
8481032.0,726.9637,30.994593,66.529396,169.08366,62.199562,1026.2715,0.15653764,0.08591903,0.07121655
8481043.0,420.59787,0.62641305,115.68503,268.89368,101.5314,1471.4249,0.26818028,0.11689175,0.09710599
8481056.0,818.69824,6.806333,8.171509,35.133617,15.786662,733.81714,0.33142236,0.24318141,0.09331046
8481059.0,767.9044,125.7054,6.081151,19.09145,13.605525,677.49585,0.33142236,0.07266531,0.014993937
8481065.0,597.7047,13.891421,71.29243,155.5729,60.81775,1109.7208,0.26303172,0.121411145,0.11060263
8481068.0,766.52765,137.99411,70.997025,230.4354,81.40023,1416.1853,0.34446818,0.15117882,0.167325
8481093.0,618.1279,16.103909,79.51647,141.08424,57.58754,758.57495,0.14656809,0.14243165,0.0911715
8481122.0,907.634,2.0745249,6.081151,23.003788,13.605525,694.4298,0.33142236,0.053204037,0.025040995
8481133.0,526.143,0.4736644,79.70422,228.8017,77.022705,1214.3315,0.3307942,0.12550995,0.11374177
8481147.0,582.7853,1.3673142,81.59467,171.2091,65.4873,1076.2872,0.22528848,0.06733032,0.059746604
8481161.0,779.6502,6.0777607,9.621867,33.344254,17.380798,772.77563,0.33142236,0.103239246,0.045310196
8481167.0,800.8967,1.7128589,15.61026,23.65842,18.489613,958.6296,0.12504122,0.06328983,0.0433362
8481178.0,839.18164,87.70947,11.611465,22.119503,15.259324,865.60406,0.41184312,0.053204037,0.08129328
8481186.0,742.54285,5.4485016,103.299515,276.33856,87.54562,1153.1652,0.27054447,0.12045052,0.14703044
8481206.0,653.6805,0.4736644,14.643551,34.403687,20.085245,826.0645,0.18147737,0.07836994,0.095101774
8481237.0,600.92847,4.7077203,64.71286,145.44122,51.936157,846.0693,0.38364527,0.12734395,0.13412435
8481422.0,538.1632,0.58254725,62.358162,106.928955,47.05741,881.57684,0.18184444,0.155843,0.10234981
8481422.0,538.1632,0.58254725,62.358162,106.928955,47.05741,881.57684,0.18184444,0.155843,0.10234981
8481461.0,863.1558,0.4736644,9.840353,27.029785,16.375847,729.3768,0.33142236,0.12550995,0.044869468
8481462.0,621.1061,15.588507,64.13176,185.93668,66.47618,978.3017,0.39665955,0.14728382,0.15161444
8481477.0,715.1922,11.357121,75.580635,156.61374,59.525146,885.4909,0.16929576,0.09904515,0.075832695
8481481.0,600.92847,5.6107845,84.96132,176.23982,62.922123,1019.72125,0.22714123,0.104610726,0.09380199
8481517.0,630.6905,12.151144,67.66866,139.76184,57.087967,1153.1652,0.17750624,0.13705172,0.11892822
8481518.0,569.8042,27.251598,76.39794,209.8352,71.55515,1112.273,0.30208805,0.15054148,0.12054303
8481522.0,682.6822,30.994593,32.01731,126.58602,37.413563,773.9048,0.11592293,0.09723962,0.055684462
8481523.0,556.445,203.62349,54.054703,173.98534,55.113625,890.6293,0.3307942,0.11787446,0.10983239
8481524.0,1043.7849,62.804634,15.786318,53.09906,20.867088,777.36316,0.26818028,0.21706602,0.12778945
8481527.0,927.32166,19.14545,6.8607426,19.217968,15.5015,835.75006,0.33142236,0.12550995,0.04242439
8481528.0,766.52765,118.57609,114.10119,250.08873,96.049576,1471.4249,0.26818028,0.08722999,0.090400174
8481532.0,554.8786,7.360371,88.0779,194.22766,73.213135,1073.3365,0.21757716,0.09672328,0.10352387
8481533.0,818.69824,135.75693,48.44038,188.82594,61.135323,1073.3365,0.27054447,0.08722999,0.0911715
8481534.0,450.74274,0.4736644,80.69858,245.30905,82.93975,1327.7207,0.3307942,0.12187954,0.107248716
8481535.0,685.5067,31.992666,138.94516,260.7846,91.23365,1019.72125,0.24123576,0.16539404,0.20140088
8481540.0,897.2826,198.53333,95.570946,274.0251,97.14239,1710.5939,0.33142236,0.11206855,0.08955137
8481541.0,759.1411,13.891421,6.64244,19.09145,15.786662,851.48145,0.33142236,0.12550995,0.061051454
8481542.0,992.0147,129.14848,20.396105,23.65842,22.522089,924.5991,0.41184312,0.16898657,0.068330035
8481546.0,1027.0924,118.57609,26.29158,38.685753,29.20629,908.079,0.33472115,0.053204037,0.075459674
8481553.0,682.6822,127.1762,79.70422,154.29984,59.525146,987.9491,0.25709504,0.16898657,0.13215305
8481554.0,715.1922,66.4856,40.46096,149.55476,49.637535,1034.0334,0.22350127,0.19601104,0.13863522
8481556.0,534.9817,1.0359393,101.62838,117.6823,57.58754,751.00806,0.24286738,0.11933896,0.166003
8481557.0,846.4063,221.184,96.56763,312.7087,98.105125,1731.8246,0.2748087,0.16323644,0.12522106
8481559.0,950.0479,217.04884,91.56595,243.38509,97.14239,1826.9377,0.33181176,0.08722999,0.09893851
8481560.0,622.6414,84.60974,104.79347,159.87457,81.767494,1544.731,0.40706396,0.05590197,0.07473957
8481563.0,804.93225,6.806333,10.857642,37.282864,18.426247,768.77893,0.33142236,0.10620578,0.07391793
8481564.0,798.26965,3.4606698,6.13199,32.364586,15.5015,799.0062,0.33142236,0.06328983,0.018955126
8481567.0,1004.87256,45.72381,8.584974,20.446487,14.71901,688.63885,0.6602488,0.06290936,0.06270681
8481568.0,1043.7849,40.679478,15.61026,30.586655,15.668586,680.44525,0.11592293,0.053204037,0.031794023
8481572.0,712.01825,50.630802,10.092963,28.02081,16.624819,764.8272,0.33142236,0.12550995,0.047482863
8481577.0,649.5818,95.894936,58.352924,206.6781,58.857265,1032.1189,0.23861155,0.12550995,0.1128393
8481580.0,777.25146,68.14817,114.10119,250.08873,88.53416,1087.5148,0.2748087,0.11109127,0.13074492
8481581.0,1074.311,72.15479,14.643551,44.98264,24.850245,1092.7428,0.61683637,0.18966411,0.10377063
8481582.0,637.18005,47.055016,68.92166,185.4587,67.39306,1240.0813,0.25487283,0.21272165,0.14081682
8481591.0,476.91052,5.2888536,83.55576,238.57857,81.40023,1312.9166,0.3307942,0.12550995,0.111809775
8481592.0,548.51514,5.2888536,55.472366,195.39775,62.80087,1057.0211,0.3307942,0.11247697,0.11470672
8481593.0,913.05566,5.2888536,8.763211,29.051239,14.462819,758.57495,0.13518727,0.19601104,0.06414586
8481596.0,867.79865,144.01276,118.43881,231.87675,86.38714,1217.5568,0.18147737,0.12550995,0.08663087
8481598.0,608.3939,19.14545,11.081225,30.723753,18.648445,865.60406,0.33142236,0.12550995,0.04650378
8481600.0,822.8039,0.4736644,10.598634,29.273172,16.434507,733.81714,0.33142236,0.12550995,0.05334221
8481601.0,694.8376,4.1861377,50.97947,185.4587,51.936157,882.673,0.38649112,0.17780967,0.20045853
8481604.0,731.12225,55.515514,80.69858,262.64948,80.0858,1253.8542,0.2922955,0.1438852,0.12992822
8481605.0,926.0912,33.66062,18.011824,20.947737,16.227364,678.35974,0.11592293,0.053204037,0.039367985
8481606.0,748.40643,89.96736,11.854486,34.829826,20.185898,987.9491,0.11592293,0.053204037,0.0289343
8481609.0,746.7508,0.4736644,11.112179,30.972767,18.489613,828.03577,0.33142236,0.12550995,0.073124066
8481617.0,615.1652,29.762295,49.451576,192.05835,56.246914,964.05005,0.2906876,0.09110907,0.07454682
8481618.0,794.3948,167.99945,59.45433,228.09718,64.35997,982.30194,0.17858842,0.15651044,0.167325
8481624.0,731.12225,51.46442,85.58029,236.07376,74.76659,1141.8099,0.1417953,0.13121171,0.075832695
8481641.0,526.143,0.75622267,88.80036,213.86702,63.416256,866.7818,0.18943158,0.053204037,0.070912935
8481655.0,423.5405,0.4736644,93.11416,297.32928,93.57058,1435.9602,0.3307942,0.117392145,0.113699995
8481656.0,740.2349,13.891421,84.12081,170.62392,66.47618,1017.31067,0.1417953,0.083665594,0.054752614
8481703.0,623.69574,82.35973,84.12081,143.88142,61.70883,1144.8732,0.1205043,0.15020365,0.06537559
8481704.0,746.7508,83.43683,97.59853,176.77779,67.53216,802.9924,0.3307942,0.10530918,0.13863522
8481708.0,844.67737,2.329155,6.64244,35.133617,18.727245,783.68677,0.33142236,0.21272165,0.05093501
8481711.0,808.2158,106.834885,91.89456,128.87831,67.77217,1112.273,0.26818028,0.08591903,0.1128393
8481712.0,575.8235,10.107505,74.44638,204.18994,68.87084,1092.7428,0.39232194,0.11720931,0.11892822
8481712.0,575.8235,10.107505,74.44638,204.18994,68.87084,1092.7428,0.39232194,0.11720931,0.11892822
8481716.0,664.1705,114.42284,164.65517,241.89436,101.5314,1183.3971,0.21620217,0.15882543,0.12522106
8481719.0,766.52765,0.4736644,9.621867,33.6536,16.872267,851.48145,0.33142236,0.10284515,0.038888834
8481725.0,655.1993,62.804634,84.41824,181.94737,67.53216,924.5991,0.44185516,0.08722999,0.13863522
8481726.0,511.83478,1.0892097,76.39794,233.52348,72.26032,1095.2028,0.29811728,0.14210345,0.13931566
8481743.0,867.79865,7.911235,16.250956,32.253036,18.180714,777.36316,0.21757716,0.10422984,0.044380322
8481754.0,689.50494,0.4736644,77.26226,184.8483,64.76396,997.5514,0.3463974,0.11763933,0.118791364
8481789.0,684.06726,5.4485016,71.99557,225.08966,69.76692,1217.5568,0.2069413,0.10808037,0.1006702
8481806.0,862.3881,3.8760114,7.46701,20.372093,13.71778,701.26416,0.33142236,0.12550995,0.03267254
8482055.0,809.78503,9.343904,141.42192,293.49475,102.7938,1194.8196,0.22350127,0.09063573,0.09993621
8482062.0,679.44073,1.8614972,105.687584,234.42775,82.93975,1049.3575,0.23242284,0.103239246,0.080862336
8482067.0,927.32166,5.2888536,10.258472,28.264072,15.842244,701.26416,0.33142236,0.12550995,0.053399824
8482070.0,662.8409,9.343904,52.581833,204.18994,55.340942,881.57684,0.33033535,0.15397233,0.13127284
8482072.0,884.52905,31.992666,9.684188,26.507477,15.984628,721.3949,0.33142236,0.12550995,0.073124066
8482073.0,859.9609,1.2862042,6.081151,49.12824,17.380798,897.7033,0.11592293,0.15824686,0.05417273
8482074.0,773.809,126.71683,89.50627,131.46152,56.598587,918.17236,0.34446818,0.167147,0.15026708
8482077.0,665.8425,6.020041,83.2114,176.23982,68.87084,1156.7317,0.33181176,0.12550995,0.10929995
8482078.0,839.18164,151.83101,68.255165,230.4354,74.86224,1109.7208,0.42738605,0.14163437,0.1818303
8482079.0,842.9415,120.09417,84.41824,222.8847,73.39224,1084.1456,0.2206243,0.14823991,0.12382547
8482087.0,1052.7002,15.588507,13.574575,29.273172,18.975693,775.3467,0.32695118,0.14951977,0.06414586
8482088.0,538.1632,0.4736644,74.44638,226.4905,73.664795,1147.6116,0.3307942,0.12187954,0.111809775
8482089.0,756.5102,125.7054,147.19801,237.64764,95.79832,1010.95734,0.35308725,0.13294916,0.17966542
8482092.0,740.2349,48.98351,91.327675,171.2091,68.43752,967.2451,0.28931484,0.15770511,0.13127284
8482093.0,788.15765,166.33842,222.03679,268.89368,162.8053,1186.2515,0.32695118,0.123291865,0.17966542
8482094.0,622.6414,26.251963,10.857642,30.095907,20.964535,913.2983,0.33142236,0.12550995,0.045310196
8482095.0,704.9027,11.357121,10.667419,29.529009,18.281036,817.4979,0.33142236,0.12550995,0.045310196
8482097.0,734.7005,100.99597,79.51647,186.89658,76.35966,1117.173,0.22714123,0.16808972,0.14424098
8482101.0,840.9577,22.375862,45.381313,145.44122,46.726185,804.62115,0.3307942,0.117392145,0.12522106
8482102.0,582.7853,0.4736644,69.80617,201.25491,68.072975,1076.2872,0.3307942,0.12550995,0.13292211
8482105.0,977.33093,176.26903,11.65479,39.9001,23.398165,1122.4087,0.11592293,0.103239246,0.06476449
8482109.0,907.634,69.207794,110.365524,269.76718,95.79832,1404.6427,0.2986275,0.13509953,0.12671389
8482109.0,907.634,69.207794,110.365524,269.76718,95.79832,1404.6427,0.2986275,0.13509953,0.12671389
8482110.0,810.5622,82.35973,105.687584,183.8348,78.5228,953.49097,0.24684648,0.16633612,0.14556864
8482111.0,967.8574,67.54705,22.031807,41.719387,24.188574,812.4568,0.41184312,0.29313788,0.107748255
8482113.0,746.7508,64.7524,100.47459,203.1228,78.28352,1271.4795,0.25203636,0.103239246,0.079123504
8482116.0,958.56244,194.84523,89.50627,191.45201,77.850174,1209.6323,0.20236957,0.123291865,0.09380199
8482116.0,958.56244,194.84523,89.50627,191.45201,77.850174,1209.6323,0.20236957,0.123291865,0.09380199
8482117.0,718.35767,94.141174,66.1271,92.64328,49.114475,798.1213,0.27054447,0.088274635,0.0634726
8482118.0,718.35767,23.88864,62.65066,163.03027,58.679264,924.5991,0.38811848,0.12187954,0.118791364
8482122.0,1091.5044,148.72101,30.6212,29.051239,25.540148,859.2152,0.3043966,0.20500301,0.060451347
8482124.0,810.5622,129.14848,138.94516,222.8847,101.383064,1199.0337,0.28378868,0.14210345,0.12193082
8482125.0,619.6215,72.15479,82.774315,157.86986,65.4873,1247.5133,0.31211847,0.10938831,0.12861739
8482126.0,766.52765,2.0745249,11.081225,30.972767,17.217667,764.8272,0.33142236,0.12550995,0.054752614
8482133.0,698.1472,166.33842,63.7798,220.07326,61.4857,969.1669,0.3290913,0.12550995,0.12054303
8482142.0,950.0479,136.14821,19.575123,19.09145,20.185898,900.91125,0.13518727,0.12550995,0.055684462
8482144.0,910.6712,19.14545,9.953923,27.497023,15.810601,706.3383,0.33142236,0.12550995,0.04971494
8482145.0,625.10114,0.4736644,66.86838,192.53516,66.60349,1090.8036,0.3307942,0.12550995,0.111887455
8482146.0,693.4582,126.71683,96.56763,188.08133,73.213135,1222.3761,0.28533363,0.0884871,0.09288274
8482148.0,622.6414,61.00758,32.01731,185.93668,46.726185,865.60406,0.3280159,0.17780967,0.14703044
8482149.0,675.18256,129.14848,114.10119,199.44757,77.850174,1171.7656,0.37856418,0.11206855,0.1302328
8482153.0,677.694,56.929276,56.808918,123.35943,57.432846,1008.8019,0.351183,0.12116136,0.11060263
8482155.0,742.54285,34.64474,83.2114,195.39775,74.25579,1427.0354,0.21620217,0.10588975,0.081792936
8482157.0,653.6805,12.964833,91.89456,206.6781,73.873,1124.4171,0.2206243,0.1436341,0.10875353
8482159.0,842.9415,142.85933,69.11682,213.86702,69.76692,1209.6323,0.21668011,0.12503606,0.11786898
8482166.0,1111.2017,80.42942,8.584974,23.65842,13.71778,677.49585,0.33142236,0.12550995,0.048465453
8482172.0,629.0468,1.9455305,45.381313,198.4026,57.87249,964.05005,0.3307942,0.1258443,0.10419111
8482175.0,831.19275,109.19065,78.80284,248.15291,82.07584,1530.8591,0.32695118,0.15651044,0.12193082
8482176.0,890.1301,3.2494905,11.611465,28.02081,13.71778,685.6994,0.18184444,0.079843424,0.03056138
8482177.0,675.18256,33.66062,48.661266,150.64479,52.58457,818.43823,0.3998514,0.10620578,0.1226504
8482192.0,910.6712,2.7512724,11.307566,49.12824,19.566664,792.65674,0.18147737,0.058753718,0.021371445
8482201.0,603.6853,0.4736644,67.45011,205.50299,66.154816,1041.0869,0.3307942,0.12187954,0.11571865
8482245.0,1027.0924,8.37815,25.245207,19.09145,22.292004,795.60626,0.41184312,0.053204037,0.059746604
8482250.0,438.56165,0.4736644,95.570946,274.0251,92.18996,1416.1853,0.3307942,0.12550995,0.11571865
8482259.0,630.6905,29.762295,105.687584,191.45201,83.83459,1450.2133,0.24712159,0.16898657,0.12427306
8482408.0,249.51537,0.4736644,165.63509,560.69037,189.41936,2546.376,0.3307942,0.12550995,0.11571865
8482451.0,702.7645,6.346481,56.379395,155.5729,52.29008,921.87085,0.256471,0.10215331,0.073124066
8482460.0,355.43564,2.5609925,133.96912,297.32928,103.85401,1530.8591,0.23342331,0.1438852,0.10818632
8482470.0,859.9609,0.9478114,9.492896,32.253036,16.624819,768.77893,0.33142236,0.1035024,0.04242439
8482475.0,751.08344,109.19065,57.156254,176.23982,67.04223,1489.8608,0.25709504,0.19601104,0.14002654
8482476.0,582.7853,10.107505,65.53189,200.7588,64.76396,1048.1947,0.3307942,0.12187954,0.11571865
8482496.0,540.55756,2.5609925,86.70938,181.00449,63.416256,761.0606,0.22528848,0.103239246,0.11007298
8482511.0,926.0912,31.992666,14.858473,23.65842,16.979074,768.77893,0.13677764,0.36725104,0.08461077
8482516.0,946.69653,1.9455305,6.105788,29.529009,13.71778,706.3383,0.33142236,0.06495809,0.043927304
8482623.0,526.143,52.29881,61.11723,199.06563,65.61486,1048.1947,0.3307942,0.11689175,0.10710335
8482624.0,1052.7002,133.2979,24.69513,38.961826,21.199839,847.9049,0.27958542,0.06495809,0.06270681
8482634.0,568.3699,54.040775,67.45011,204.78412,67.23356,1057.9741,0.3307942,0.12187954,0.11374177
8482635.0,605.96924,3.8969548,68.42486,198.4026,65.61486,1010.95734,0.2996663,0.113749206,0.10094843
8482641.0,568.3699,0.4736644,20.396105,37.842754,23.795755,1024.1797,0.53560007,0.09904515,0.061051454
8482652.0,488.6994,6.0777607,47.104527,190.3761,55.340942,1048.5203,0.22185004,0.11247697,0.087769374
8482655.0,986.84595,47.055016,22.822527,36.651917,18.581032,729.3768,0.32695118,0.11644064,0.06606471
8482659.0,729.29663,3.8969548,138.94516,171.2091,79.33661,1002.42615,0.30208805,0.104610726,0.15026708
8482660.0,672.20404,126.71683,53.51513,106.928955,44.658077,997.0575,0.39665955,0.07342527,0.10094843
8482665.0,866.2034,141.38927,82.04778,133.82605,61.921215,1024.1797,0.25203636,0.09904515,0.111809775
8482666.0,1074.311,0.4736644,9.2850895,25.38637,14.71901,681.30756,0.33142236,0.12550995,0.047482863
8482667.0,850.8392,151.83101,86.07819,185.4587,65.4873,994.6922,0.18591802,0.15522793,0.1226504
8482671.0,1091.5044,91.1099,11.65479,45.787243,22.292004,771.71844,0.11592293,0.1411476,0.057074446
8482679.0,657.9643,85.80356,88.0779,136.46472,66.71963,1153.1652,0.21421269,0.08098692,0.0703415
8482684.0,999.1528,198.53333,16.765858,32.253036,23.795755,1166.1222,0.35308725,0.053204037,0.068330035
8482691.0,482.9119,27.251598,57.156254,215.05734,66.47618,1199.0337,0.3307942,0.18140791,0.11786898
8482699.0,712.01825,168.36299,91.327675,209.8352,90.64498,1435.9602,0.37856418,0.19601104,0.1420213
8482702.0,788.15765,76.08568,87.352264,209.8352,73.873,1101.4187,0.22185004,0.115171954,0.11578663
8482705.0,777.25146,47.055016,78.28444,248.15291,83.22836,1268.0981,0.18184444,0.115171954,0.082749344
8482712.0,709.8645,0.4736644,58.352924,169.08366,56.892124,927.6403,0.3307942,0.12550995,0.111887455
8482713.0,681.3316,39.123337,59.45433,153.63051,55.6703,935.7515,0.30057967,0.12187954,0.09405996
8482720.0,752.72046,36.44369,78.80284,245.30905,68.072975,899.4233,0.256471,0.13705172,0.12778945
8482730.0,685.5067,84.60974,24.69513,46.75754,29.20629,971.14325,0.17042601,0.34050825,0.060451347
8482733.0,1156.7646,7.1919217,8.831811,24.42426,13.8483,677.49585,0.33142236,0.12550995,0.052386053
8482737.0,677.694,36.94917,38.80336,184.8483,52.29008,990.6905,0.28378868,0.16633612,0.12344368
8482740.0,798.26965,100.99597,137.02562,297.32928,107.75627,1544.731,0.28931484,0.11933896,0.14424098
8482744.0,592.874,23.88864,73.62861,193.66373,66.71963,1044.7131,0.34812936,0.14210345,0.12671389
8482745.0,792.2279,125.7054,95.570946,260.7846,80.55196,1253.8542,0.3307942,0.12550995,0.1420213
8482747.0,545.90875,0.4736644,73.24972,210.62207,73.39224,1217.5568,0.3307942,0.12550995,0.10419111
8482749.0,662.8409,51.46442,106.6924,176.77779,78.28352,1127.9452,0.2748087,0.08722999,0.11571865
8482751.0,568.3699,0.4736644,60.10731,207.5176,65.68192,1118.7284,0.3307942,0.11355089,0.095101774
8482762.0,983.1759,1.7128589,13.297607,21.449455,15.842244,725.28107,0.20983383,0.12550995,0.061948262
8482765.0,517.38525,1.0359393,82.774315,238.57857,78.94258,1194.8196,0.30057967,0.114129595,0.09935358
8482787.0,476.91052,201.74287,62.65066,190.3761,62.199562,1007.4102,0.3307942,0.15522793,0.12778945
8482803.0,986.84595,102.298065,6.546532,31.23399,15.567605,812.4568,0.33142236,0.07519319,0.058205023
8482807.0,1009.4464,5.2888536,9.684188,26.294327,14.71901,678.35974,0.33142236,0.12550995,0.054752614
8482809.0,748.40643,169.15773,46.2246,132.65358,45.297245,766.27,0.3307942,0.12550995,0.111887455
8482858.0,986.84595,112.52091,6.081151,27.497023,14.462819,738.6039,0.33142236,0.06733032,0.033579446
8482859.0,633.6968,0.4736644,56.808918,173.98534,58.857265,955.1427,0.3307942,0.12187954,0.10521442
8482929.0,874.46954,1.4413067,6.1581573,21.449455,13.71778,743.1801,0.33142236,0.08762636,0.021371445
8482964.0,859.9609,56.929276,6.081151,19.09145,15.089215,1026.2715,0.33142236,0.12550995,0.051513966
8483395.0,664.1705,34.64474,50.11967,163.86694,53.03151,881.57684,0.3307942,0.11689175,0.10710335
8483397.0,670.77124,0.4736644,62.085846,188.82594,61.35089,978.3017,0.3307942,0.15522793,0.12992822
8483398.0,687.87885,0.4736644,12.654785,35.133617,20.321087,881.57684,0.33142236,0.12550995,0.054752614
8483424.0,586.108,9.343904,70.30402,205.0616,68.9266,1077.8959,0.3307942,0.12187954,0.11571865
8483431.0,777.25146,121.62428,90.24618,159.87457,66.13059,1117.173,0.3463974,0.1546908,0.1302328
8483432.0,582.7853,0.4736644,71.64073,218.01741,71.14638,1109.7208,0.3307942,0.12187954,0.12992822
8483445.0,913.05566,0.4736644,45.830387,131.46152,45.7324,768.77893,0.3307942,0.12550995,0.11007298
8483457.0,1157.314,51.018673,8.171509,31.184883,13.71778,677.49585,0.33142236,0.09189093,0.05093501
8483460.0,839.18164,0.9478114,10.667419,25.088058,15.259324,786.77106,0.16929576,0.069474705,0.03568798
8483464.0,881.1609,0.4736644,47.747086,143.88142,47.05741,766.27,0.3307942,0.12187954,0.11374177
8483466.0,1021.03815,105.10759,9.492896,19.217968,13.71778,802.9924,0.41184312,0.053204037,0.054752614
8483468.0,849.1353,0.4736644,48.994343,141.08424,47.41722,785.68933,0.3307942,0.12550995,0.11374177
8483471.0,565.2772,261.42648,58.812828,145.44122,54.05264,818.43823,0.30343774,0.12550995,0.111887455
8483482.0,954.1526,8.770066,9.2850895,31.184883,16.624819,710.79834,0.33142236,0.27030498,0.06414586
8483489.0,657.9643,6.806333,78.80284,177.97253,63.20965,1003.85956,0.27054447,0.12187954,0.109685235
8483490.0,893.94745,108.2051,28.380527,53.09906,28.258795,806.7039,0.11592293,0.1035024,0.048033148
8483491.0,691.6478,38.144005,74.723885,212.70389,73.64057,1109.7208,0.2778818,0.07836994,0.09288274
8483493.0,813.69586,92.93075,59.10857,133.82605,49.94785,773.9048,0.27322465,0.12187954,0.1302328
8483495.0,1009.4464,74.564735,33.95939,31.783318,23.578148,897.7033,0.11592293,0.14843476,0.044380322
8483499.0,791.5321,70.37393,45.381313,153.63051,48.643898,823.0858,0.3307942,0.14546564,0.116183534
8483505.0,719.95685,54.040775,56.995144,154.29984,50.58125,896.3723,0.34056765,0.16539404,0.12054303
8483512.0,250.25781,0.4736644,196.12346,863.3643,285.42023,3498.6921,0.3307942,0.12550995,0.11571865
8483515.0,866.2034,167.99945,82.04778,205.6469,74.861015,1076.2872,0.26818028,0.13356005,0.12937313
8483515.0,866.2034,167.99945,82.04778,205.6469,74.861015,1076.2872,0.26818028,0.13356005,0.12937313
8483524.0,679.44073,114.42284,77.70336,177.97253,60.810123,927.6403,0.23007867,0.1611399,0.16053556
8483531.0,505.15585,3.8760114,80.69858,243.78767,80.55196,1268.0981,0.3307942,0.12187954,0.111809775
8483549.0,438.56165,0.4736644,91.56595,276.33856,91.23365,1412.3671,0.3307942,0.12187954,0.111809775
8483565.0,907.634,0.51457655,8.831811,30.241156,15.868497,729.3768,0.33142236,0.103239246,0.06660883
8483567.0,619.6215,21.283447,60.870655,184.8483,61.35089,1002.42615,0.3307942,0.12187954,0.109685235
8483570.0,577.5424,1.0892097,40.46096,206.6781,53.03151,971.14325,0.3307942,0.12187954,0.107248716
8483609.0,423.5405,0.4736644,104.79347,268.89368,91.63611,1412.3671,0.3011029,0.12187954,0.1258645
8483808.0,689.50494,178.11067,109.41513,218.01741,89.27289,1217.5568,0.26818028,0.15117882,0.17413919
8484144.0,922.6086,190.27945,78.80284,185.93668,72.33401,1442.7094,0.20236957,0.13294916,0.10660572
8484145.0,752.72046,62.804634,117.24222,210.94476,74.792625,921.87085,0.18647312,0.11644064,0.11113763
8484153.0,863.1558,120.09417,53.164886,186.89658,58.441593,974.4561,0.3070894,0.13019761,0.10995461
8484166.0,770.36127,133.2979,68.92166,178.90192,69.44528,1433.4297,0.23242284,0.13159215,0.10521442
8484203.0,1009.4464,114.42284,37.81512,114.60026,37.413563,682.90924,0.3307942,0.12187954,0.11007298
8484255.0,455.31094,5.2888536,79.18648,240.5427,81.767494,1300.4661,0.3307942,0.12187954,0.12142568
8484258.0,800.8967,27.697681,21.111206,27.252565,20.321087,940.59283,0.3998514,0.09672328,0.079123504
8484304.0,783.81714,6.020041,7.46701,63.695618,19.42459,749.74023,0.33142236,0.1438852,0.05093501
8484321.0,429.5551,1.8208714,18.011824,49.87921,30.142282,1373.3397,0.33142236,0.12550995,0.052053433
8484911.0,825.9246,123.83902,38.80336,144.65892,42.617256,725.28107,0.3307942,0.10588975,0.10116337
